Item Challenged,Subtitle,Creator,Form of Complaint,Library,Year,Object Category,Reason A for complaint,Reason B for complaint,Action requested,Action Taken
Being you,A first conversation about gender,"Madison, Megan; Ralli, Jessica; Passchier, Anne/Andy",Direct,Surrey School District 36,2023,Collection,Pro LGBTQIA2S+, ,Remove,Retained
Being you,A first conversation about gender,"Madison, Megan; Ralli, Jessica; Passchier, Anne/Andy",Direct,Red Deer Public Library,2023,Collection,Pro LGBTQIA2S+, ,Remove,Retained
Being you,A first conversation about gender,"Madison, Megan; Ralli, Jessica; Passchier, Anne/Andy",Direct,Cariboo Regional District Library,2024,Collection,Age Inappropriate,Pro LGBTQIA2S+,Remove,Retained
Clifford's halloween,,"Bridwell, Norman",Direct,Coquitlam Public Library,2023,Collection,Age Inappropriate,Cultural Appropriation,Remove,Retained
Clifford's halloween,,"Bridwell, Norm",Direct,Whitehorse Public Library,2023,Collection,Racist against Indigenous peoples, ,Remove,Removed
Clifford's halloween,,"Bridwell, Norman",Direct,Okanagan Regional Library,2023,Collection,Racist against Indigenous People, ,Remove,Removed
Gender queer,,"Kobabe, Maia",Direct,Calgary Public Library,2023,Collection,Explicit Content, ,Remove,Retained
Gender queer,,"Kobabe, Maia",Direct,Burlington Public Library,2023,Collection,Explicit Content,Objectionable Content,Remove,Retained
Gender queer,,"Kobabe, Maia",Direct,Alberta School Boards - All,2025,Collection,Explicit Content, ,Remove,Removed
Gender queer,,"Kobabe, Maia",Direct,B.C. School District #64 - Gulf Islands,2023,Collection,Age Inappropriate,Objectionable Content,Remove,Retained
Gender queer,,"Kobabe, Maia",Direct,Prince George Public Library,2022,Collection,Explicit Content,Pro LGBTQIA2S+,Remove,Retained
Gender queer,,"Kobabe, Maia",Direct,Prairie Rose School Division,2023,Collection,Explicit Content, ,Remove,Retained
Gender queer,,"Kobabe, Maia",Direct,Kawartha Lakes Public Library,2021,Collection,Pro LGBTQIA2S+,Illegal Behaviour/Content,Remove,Retained
Grave error,How the media misled us (and the truth about residential schools),"Champion, C. P.; Flanagan, Tom",Direct,Thompson-Nicola Regional Library,2025,Collection,Racist against Indigenous peoples, ,Remove,Retained
Grave error,How the media misled us (and the truth about residential schools),"Champion, C. P.; Flanagan, Tom",Direct,Thompson-Nicola Regional Library,2024,Collection,Racist against Indigenous peoples, ,Remove,Retained
Grave error,How the media misled us (and the truth about residential schools),"Champion, C. P.; Flanagan, Tom",Direct,Calgary Public Library,2024,Collection,Racist against Indigenous peoples,Inaccurate/Misleading Content,Remove,Retained
If i ran the zoo,,Dr. Seuss,Direct,Ottawa Public Library,2022,Collection,Racist against Asian people, ,Remove,Retained
If i ran the zoo,,Dr. Seuss,Direct,Toronto Public Library,2021,Collection,Denigrates Ethnicity, ,Review,Relocated
If i ran the zoo,,Dr. Seuss,Direct,Okanagan Regional Library,2024,Collection,Racist, ,Remove,Removed
If i ran the zoo,,Dr. Seuss,Direct,Barrie Public Library,2021,Collection,Objectionable Content, ,Remove,Retained
If you're a drag queen and you know it,,Lil Miss Hot Mess,Direct,Surrey Libraries,2023,Collection,Age Inappropriate, ,Review,Retained
If you're a drag queen and you know it,,Lil Miss Hot Mess,Direct,Calgary Public Library,2024,Collection,Age Inappropriate, ,Relocate,Retained
If you're a drag queen and you know it,,Lil Miss Hot Mess,Direct,Burlington Public Library,2023,Collection,Explicit Content,Pro LGBTQIA2S+,Remove,Retained
If you're a drag queen and you know it,,Lil Miss Hot Mess,Direct,Calgary Public Library,2025,Collection,Age Inappropriate, ,Remove,Retained
If you're a drag queen and you know it,,Lil Miss Hot Mess,Direct,Grand Forks & District Public Library,2023,Collection,Pro LGBTQIA2S+,Explicit Content,Remove,Retained
If you're a drag queen and you know it,,Lil Miss Hot Mess,Direct,Vancouver Public Library,2022,Collection,Age Inappropriate,Pro LGBTQIA2S+,Review,Retained
Irreversible damage,The transgender craze seducing our daughters,"Shrier, Abigail",Direct,Coquitlam Public Library,2021,Collection,Inaccurate/Misleading Content,Transphobic,Remove,Other
Irreversible damage,The transgender craze seducing our daughters,"Shrier, Abigail",Direct,Vancouver Public Library,2022,Collection,Inaccurate/Misleading Content,Transphobic,Review,Retained
Irreversible damage,The transgender craze seducing our daughters,"Shrier, Abigail",Direct,Hamilton Public Library,2021,Collection,Transphobic, ,Remove,Retained
Irreversible damage,The transgender craze seducing our daughters,"Shrier, Abigail",Direct,Regina Public Library,2021,Collection,Transphobic, ,Remove,Retained
Irreversible damage,The transgender craze seducing our daughters,"Shrier, Abigail",Direct,Regina Public Library,2021,Collection,Inaccurate/Misleading Content,Transphobic,Remove,Retained
Irreversible damage,The transgender craze seducing our daughters,"Shrier, Abigail",Direct,Lethbridge Public Library,2021,Collection,Inaccurate/Misleading Content, ,Removal,Retained
Irreversible damage,The transgender craze seducing our daughters,"Shrier, Abigail",Direct,Vancouver Public Library,2021,Collection,Objectionable Content, ,Remove,Retained
Irreversible damage,The transgender craze seducing our daughters,"Shrier, Abigail",Direct,Markham Public Library,2021,Collection,Transphobic, ,Remove,Retained
Irreversible damage,The transgender craze seducing our daughters,"Shrier, Abigail",Direct,Kitchener Public Library,2021,Collection,Inaccurate/Misleading Content,Transphobic,Remove,Retained
Irreversible damage,The transgender craze seducing our daughters,"Shrier, Abigail",Direct,Hamilton Public Library,2021,Collection,Transphobic, ,Remove,Retained
Irreversible damage,The transgender craze seducing our daughters,"Shrier, Abigail",Direct,Hamilton Public Library,2021,Collection,Transphobic, ,Remove,Retained
Irreversible damage,The transgender craze seducing our daughters,"Shrier, Abigail",Direct,Grand Forks & District Public Library,2021,Collection,Inaccurate/Misleading Content,Transphobic,Remove,Retained
Irreversible damage,The transgender craze seducing our daughters,"Shrier, Abigail",Direct,Hamilton Public Library,2021,Collection,Transphobic,Violence,Remove,Retained
Irreversible damage,The transgender craze seducing our daughters,"Shrier, Abigail",Direct,Ottawa Public Library,2021,Collection,Transphobic, ,Remove,Retained
Irreversible damage,The transgender craze seducing our daughters,"Shrier, Abigail",Direct,Ottawa Public Library,2021,Collection,Transphobic, ,Remove,Retained
Irreversible damage,The transgender craze seducing our daughters,"Shrier, Abigail",Direct,Ottawa Public Library,2021,Collection,Transphobic, ,Remove,Retained
Irreversible damage,The transgender craze seducing our daughters,"Shrier, Abigail",Direct,Lethbridge Public Library,2021,Collection,Inaccurate/Misleading Content, ,Remove,Retained
Irreversible damage,The transgender craze seducing our daughters,"Shrier, Abigail",Direct,Thompson-Nicola Regional Library,2021,Collection,Transphobic, ,Remove,Retained
Irreversible damage,The transgender craze seducing our daughters,"Shrier, Abigail",Direct,Calgary Public Library,2021,Collection,Transphobic,Other,Review,Retained
Irreversible damage,The transgender craze seducing our daughters,"Shrier, Abigail",Direct,Calgary Public Library,2021,Collection,Transphobic, ,Review,Retained
Irreversible damage,The transgender craze seducing our daughters,"Shrier, Abigail",Direct,Calgary Public Library,2021,Collection,Transphobic, ,Review,Retained
Irreversible damage,The transgender craze seducing our daughters,"Shrier, Abigail",Direct,Calgary Public Library,2021,Collection,Transphobic,Inappropriate Language,Review,Retained
Irreversible damage,The transgender craze seducing our daughters,"Shrier, Abigail",Direct,Coquitlam Public Library,2021,Collection,Inaccurate/Misleading Content,Transphobic,Remove,Other
Irreversible damage,The transgender craze seducing our daughters,"Shrier, Abigail",Direct,Hamilton Public Library,2021,Collection,Transphobic, ,Remove,Retained
Irreversible damage,The transgender craze seducing our daughters,"Shrier, Abigail",Direct,Ottawa Public Library,2021,Collection,Transphobic, ,Remove,Retained
Irreversible damage,The transgender craze seducing our daughters,"Shrier, Abigail",Direct,Richmond Public Library,2021,Collection,Transphobic, ,Review,Retained
Irreversible damage,,"Shrier, Abigail",Direct,Okanagan Regional Library,2024,Collection,Inaccurate/Misleading Content,Transphobic,Remove,Retained
Irreversible damage,The transgender craze seducing our daughters,"Shrier, Abigail",Direct,Calgary Public Library,2023,Collection,Objectionable Content, ,Relocate,Retained
Irreversible damage,,"Shrier, Abigail",Direct,Ottawa Public Library,2024,Collection,Transphobic,Inaccurate/Misleading Content,Remove,Retained
Irreversible damage,The transgender craze seducing our daughters,"Shrier, Abigail",Direct,Calgary Public Library,2023,Collection,Objectionable Content, ,Remove,Retained
Irreversible damage,The transgender craze seducing our daughters,"Shrier, Abigail",Direct,Greater Victoria Public Library,2025,Collection,Transphobic,Inaccurate/Misleading Content,Remove,Retained
Irreversible damage,The transgender craze seducing our daughters,"Shrier, Abigail",Direct,Ottawa Public Library,2024,Collection,Transphobic, ,Remove,Retained
Irreversible damage,,"Shrier, Abigail",Direct,Greater Victoria Public Library,2024,Collection,Transphobic, ,Remove,Retained
It feels good to be yourself,A book about gender identity,"Thorn, Theresa",Direct,Toronto Public Library,2023,Collection,Pro LGBTQIA2S+, ,Remove,Retained
It feels good to be yourself,A book about gender identity,"Thorn, Theresa",Direct,Airdrie Public Library,2024,Collection,Objectionable Content, ,Remove,Retained
It feels good to be yourself,A book about gender identity,"Thorn, Theresa",Direct,Caledon Public Library,2023,Collection,Age Inappropriate,Pro LGBTQIA2S+,Relocate,Retained
It's perfectly normal,"Changing bodies, growing up, sex and sexual health","Harris, Robie H.",Direct,Okanagan Regional Library,2022,Collection,Explicit Content, ,Remove,Retained
It's perfectly normal,,"Harris, Robie H.",Direct,Richmond Public Library,2022,Collection,Explicit Content, ,Remove,Retained
It's perfectly normal,,"Harris, Robie H.",Direct,Creston Valley Public Library,2023,Collection,Age Inappropriate,Explicit Content,Relocate,Retained
It's perfectly normal,,"Harris, Robie H.",Direct,Halton Hills Public Library,2022,Collection,Age Inappropriate,Explicit Content,Remove,Retained
It's perfectly normal,"Changing bodies, growing up, sex and sexual health","Harris, Robie H.",Direct,Cariboo Regional District Library,2024,Collection,Age Inappropriate,Explicit Content,Remove,Retained
It's perfectly normal,,"Harris, Robie H.",Direct,South Central Regional Library,2022,Collection,Objectionable Content,Explicit Content,Remove,Relocated
It's perfectly normal,,"Harris, Robie H.",Direct,Airdrie Public Library,2024,Collection,Explicit Content,Illegal Behaviour,Relocate,Retained
It's perfectly normal,,"Harris, Robie H.",Direct,Calgary Public Library,2023,Collection,Explicit Content, ,Remove,Retained
Let's talk about it,"The teen's guide to sex, relationships, and being a human","Moen, Erika; Nolan, Matthew",Direct,Fort Saskatchewan Public Library,2023,Collection,Age Inappropriate,Explicit Content,Remove,Retained
Let's talk about it,"The teen's guide to sex, relationships, and being a human","Moen, Erika; Nolan, Matthew",Direct,Vancouver Island Regional Library,2022,Collection,Age Inappropriate,Explicit Content,Remove,Retained
Let's talk about it,"The teen's guide to sex, relationships, and being a human","Moen, Erika; Nolan, Matthew",Direct,Newcastle Public Library,2023,Collection,Age Inappropriate,Explicit Content,Relocate,Retained
Let's talk about it,"The teen's guide to sex, relationships, and being a human","Moen, Erika; Nolan, Matthew",Direct,Ottawa Public Library,2021,Collection,Age Inappropriate,Explicit Content,Relocate,Relocated
Let's talk about it,"The teen's guide to sex, relationships, and being a human","Moen, Erika; Nolan, Matthew",Direct,Calgary Public Library,2023,Collection,Explicit Content, ,Remove,Retained
Mein kampf,,"Hitler, Adolf",Direct,Greater Victoria School District,2022,Collection,Objectionable Content,Age Inappropriate,Restrict Access,Access Restricted
Mein kampf,,"Hitler, Adolf",Direct,Vaughan Public Libraries,2023,Collection,Antisemitic,Politically/Ideologically biased,Remove,Retained
Mein kampf,,"Hilter, Adolf",Direct,Toronto Public Library,2024,Collection,Antisemitic, ,Remove,Retained
Mein kampf,,"Hitler, Adolf",Direct,Hamilton Public Library,2023,Collection,Politically/Ideologically biased,Antisemitic,Remove,Retained
My body is growing,A guide for children ages 4-8,"Geisler, Dagmar",Direct,Olds Municipal Library,2023,Collection,Age Inappropriate,Explicit Content,Remove,Other
My body is growing,A guide for children ages 4-8,"Geisler, Dagmar",Direct,Peterborough Public Library,2023,Collection,Explicit Content,Illegal Behaviour/Content,Remove,Retained
My body is growing,A guide for children ages 4-8,"Geisler, Dagmar",Direct,Calgary Public Library,2023,Collection,Age Inappropriate,Explicit Content,Review,Retained
My body is growing,A guide for children ages 4-8,"Geisler, Dagmar",Direct,Surrey Libraries,2022,Collection,Age Inappropriate,Explicit Content,Remove,Other
My body is growing,"A guide for children, ages 4 to 8","Geisler, Dagmar",Direct,Okanagan Regional Library,2023,Collection,Explicit Content,Illegal Behaviour/Content,Remove,Retained
My body is growing,A guide for children ages 4-8,"Geisler, Dagmar",Direct,Calgary Public Library,2023,Collection,Explicit Content, ,Review,Retained
My body is growing,,"Geisler, Dagmar",Direct,Edmonton Public Library,2023,Collection,Age Inappropriate,Explicit Content,Remove,Retained
My body is growing,A guide for children ages 4-8,"Geisler, Dagmar",Direct,Prince George Public Library,2023,Collection,Age Inappropriate,Explicit Content,Remove,Removed
My body is growing,A guide for children ages 4-8,"Geisler, Dagmar",Direct,Edmonton Public Library,2022,Collection,Age Inappropriate,Explicit Content,Remove,Retained
Of mice and men,,"Steinbeck, John",Direct,Toronto Catholic District School Board,2024,Collection,Inappropriate Language, ,Remove,Removed
Of mice and men,,"Steinbeck, John",Direct,Surrey School District 36,2024,Collection,Racist against Black people, ,Remove,Removed
Of mice and men,,"Steinbeck, John",Direct,Greater Essex County District School Board,2023,Collection,Racist against Black people,Inappropriate Language,Remove,Removed
Sex is a funny word,,"Silverberg, Cory",Direct,Coquitlam Public Library,2021,Collection,Explicit Content,Pro LGBTQIA2S+,Remove,Retained
Sex is a funny word,"A book about bodies, feelings, and you","Silverberg, Cory",Direct,Airdrie Public Library,2024,Collection,Explicit Content,Illegal Behaviour,Restrict Access,Retained
Sex is a funny word,,"Silverberg, Cory",Direct,Cariboo Regional District Library,2024,Collection,Age Inappropriate,Explicit Content,Remove,Retained
Sex is a funny word,,"Silverberg, Cory",Direct,Grand Forks & District Public Library,2023,Collection,Pro LGBTQIA2S+,Explicit Content,Remove,Retained
Sex is a funny word,,"Silverberg, Cory",Direct,Prairie Rose School Division,2023,Collection,Explicit Content, ,Remove,Retained
Sex is a funny word,,"Silverberg, Cory",Direct,Creston Valley Public Library,2023,Collection,Age Inappropriate,Explicit Content,Remove,Retained
Sex is a funny word,,"Silverberg, Cory",Direct,Richmond Public Library,2022,Collection,Explicit Content, ,Remove,Retained
Sex is a funny word,,"Silverberg, Cory",Direct,South Central Regional Library,2022,Collection,Objectionable Content,Explicit Content,Remove,Retained
Sex is a funny word,,"Silverberg, Cory",Direct,Kennebecasis Public Library,2023,Collection,Age Inappropriate,Pro LGBTQIA2S+,Remove,Retained
Sex is a funny word,,"Silverberg, Cory",Direct,Newcastle Public Library,2023,Collection,Age Inappropriate,Explicit Content,Relocate,Retained
The hate u give,,"Thomas, Angie",Direct,Nova Scotia Department of Education,2023,Collection,Inappropriate Language, ,Remove,Removed
The hate u give,,"Thomas, Angie",Direct,Pembina Trails School Division,2025,Collection,Racist against Black people,Explicit Content,Remove,Retained
The hate u give,,"Thomas, Angie",Direct,Surrey School District 36,2023,Collection,Explicit Content,Age Inappropriate,Restrict Access,Retained
This book is gay,,"Dawson, Juno",Direct,Prairie Rose School Division,2023,Collection,Explicit Content, ,Remove,Retained
This book is gay,,"Dawson, Juno",Direct,Creston Valley Public Library,2023,Collection,Explicit Content,Pro LGBTQIA2S+,Relocate,Retained
This book is gay,,"Dawson, Juno",Direct,Calgary Public Library,2022,Collection,Transphobic, ,Remove,Retained
This book is gay,,"Dawson, James",Direct,B.C. School District #64 - Gulf Islands,2023,Collection,Age Inappropriate,Objectionable Content,Remove,Retained
This book is gay,,"Dawson, Juno",Direct,Greater Victoria School District,2023,Collection,Age Inappropriate, ,Remove,Removed
This book is gay,,"Dawson, Juno",Direct,Pembina Trails School Division,2025,Collection,Explicit Content,Pro LGBTQIA2S+,Remove,Retained
