,Item Challenged,Subtitle,Creator,Form of Complaint,Library,Year,Object Category,Reason A for complaint,Reason B for complaint,Action requested,Action Taken,Link
4,A court of thorns and roses,,"Maas, Sarah J",Direct,Kingston Frontenac Public Library,2025,Collection,Age Inappropriate,Explicit Content,Relocate,Relocated,
5,9,,"Acker, Shane",Direct,Kingston Frontenac Public Library,2025,Collection,Age Inappropriate,Objectionable Content,Relocate,Relocated,
6,Grave error,How the media misled us (and the truth about residential schools),"Champion, C. P.; Flanagan, Tom",Direct,Thompson-Nicola Regional Library,2025,Collection,Racist against Indigenous peoples, ,Remove,Retained,
7,Fall on your knees,,"MacDonald, Ann-Marie",Direct,Thompson-Nicola Regional District,2025,Collection,Explicit Content,Anti-Christian,Remove,Retained,
8,Star wars,I am a droid,Golden Books,Direct,Thompson-Nicola Regional Library,2025,Collection,Violence,Age Inappropriate,Remove,Retained,
11,Wolfenstein ii,The new colossus,MachineGames,Direct,Prince George Public Library,2025,Collection,Age Inappropriate,Explicit Content,Remove,Retained,
12,Ultimate guide to turkeys,"Housing, raising the poults, diseases and treatments, to the different turkey breeds","Carson, Paul",Direct,St. Paul Municipal Library,2025,Collection,Quality of Content,Plagiarized,Review,Other,
13,There are moms way worse than you,,"Boozan, Glenn",Direct,Sault Ste. Marie Public Library,2025,Collection,Objectionable Content, ,Relocate,Retained,
14,A court of mist and fury,,"Mass, Sarah J.",Direct,Pembina Trails School Division,2025,Collection,Explicit Content, ,Remove,Retained,
15,A court of thorns and roses,,"Maas, Sarah J.",Direct,Pembina Trails School Division,2025,Collection,Explicit Content, ,Remove,Retained,
16,Identical,,"Hopkins, Ellen",Direct,Pembina Trails School Division,2025,Collection,Explicit Content, ,Remove,Retained,
17,This book is gay,,"Dawson, Juno",Direct,Pembina Trails School Division,2025,Collection,Explicit Content,Pro LGBTQIA2S+,Remove,Retained,
18,Sold,,"McCormick, Patricia",Direct,Pembina Trails School Division,2025,Collection,Explicit Content, ,Remove,Retained,
19,Like a love story,,"Nazemian, Abdi",Direct,Pembina Trails School Division,2025,Collection,Explicit Content,Pro LGBTQIA2S+,Remove,Retained,
20,Speak,,"Anderson, Laurie Halse",Direct,Pembina Trails School Division,2025,Collection,Violence,Explicit Content,Remove,Retained,
21,The handmaid's tale,,"Atwood, Margaret",Direct,Pembina Trails School Division,2025,Collection,Explicit Content,Violence,Remove,Retained,
22,The perks of being a wallflower,,"Chbosky, Stephen",Direct,Pembina Trails School Division,2025,Collection,Explicit Content, ,Remove,Retained,
23,The hate u give,,"Thomas, Angie",Direct,Pembina Trails School Division,2025,Collection,Racist against Black people,Explicit Content,Remove,Retained,
24,Empire of storms,,"Maas, Sarah J.",Direct,Pembina Trails School Division,2025,Collection,Explicit Content,Violence,Remove,Retained,
25,Eleanor and park,,"Rowell, Rainbow",Direct,Pembina Trails School Division,2025,Collection,Explicit Content,Racist,Remove,Retained,
26,Looking for alaska,,"Green, John",Direct,Pembina Trails School Division,2025,Collection,Explicit Content,Inappropriate Language,Remove,Retained,
27,The kite runner,,"Hosseini, Khaled",Direct,Pembina Trails School Division,2025,Collection,Explicit Content,Violence,Remove,Retained,
28,Claim to fame,,"Haddix, Margaret Peterson",Direct,Prince George Public Library,2025,Collection,Age Inappropriate, ,Relocate,Relocated,
29,Meet buffy sainte-marie,,"MacLeod, Elizabeth",Direct,Edmonton Public Library,2025,Collection,Racist against Indigenous peoples,Cultural Appropriation,Remove,Retained,
32,Johnny the walrus,,"Walsh, Matt",Direct,Edmonton Public Library,2025,Collection,Transphobic, ,Remove,Relocated,
33,Quantum body,"The new science of living a longer, healthier, more vital life","Chopra, Deepak; Tuszynski, Jack; Fertig, Brian",Direct,Hamilton Public Library,2025,Collection,Inaccurate/Misleading Content, ,Remove,Retained,
34,Free to be elephant me,,"Andreae, Giles",Direct,Mississippi Mills Public Library,2025,Collection,Objectionable Content,Age Inappropriate,Remove,Retained,
35,Giraffes can’t dance,,"Andreae, Giles",Direct,Mississippi Mills Public Library,2025,Collection,Objectionable Content,Age Inappropriate,Remove,Retained,
36,The completion process,The practice of putting yourself back together again,"Swan, Teal",Direct,Edmonton Public Library,2025,Collection,Quality of Content, ,Remove,Retained,
37,Once upon a potty,Girl,"Frankel, Alona",Direct,Smithers Public Library,2025,Collection,Inappropriate Language,Quality of Content,Review,Retained,
38,Fourth wing,,"Yarros, Rebecca",Direct,Sacred Heart School of Halifax,2025,Collection,Explicit Content,Age Inappropriate,Content Warning,Removed,
40,The annotated brothers grimm,,"Grimm, Jacob",Direct,Richmond Hill Public Library,2025,Collection,Antisemitic, ,Remove,Relocated,
41,Sun,,"Usher, Sam",Direct,Essex County Library,2025,Collection,Explicit Content,Age Inappropriate,Content Warning,Retained,
43,Read at your own risk,,"Lai, Remy",Direct,Prince George Public Library,2025,Collection,Age Inappropriate, ,Relocate,Retained,
44,A map for falasteen,,"Odeh, Maysa",Direct,Ottawa Public Library,2025,Collection,Antisemitic,Anti-Israel,Remove,Retained,
45,Meet buffy sainte-marie,,"MacLeod, Elizabeth",Direct,Ottawa Public Library,2025,Collection,Inaccurate/Misleading Content, ,Remove,Retained,
46,Big nate,From the top,"Peirce, Lincoln",Direct,Ottawa Public Library,2025,Collection,Age Inappropriate, ,Relocate,Retained,
47,Don't look left,A diary of genocide,"Saif, Atef Abu",Direct,Ottawa Public Library,2025,Collection,Anti-Israel, ,Remove,Retained,
48,The maid i hired recently is mysterious,,"Konbu, Wakame",Direct,Ottawa Public Library,2025,Collection,Age Inappropriate, ,Relocate,Retained,
49,The wuhan cover-up,,"Kennedy, Robert F. Jr.",Direct,Greater Victoria Public Library,2025,Collection,Inaccurate/Misleading Content, ,Remove,Retained,
50,Irreversible damage,The transgender craze seducing our daughters,"Shrier, Abigail",Direct,Greater Victoria Public Library,2025,Collection,Transphobic,Inaccurate/Misleading Content,Remove,Retained,
51,Naissance,,"Moix, Yann",Direct,Greater Victoria Public Library,2025,Collection,Objectionable Content, ,Remove,Retained,
52,Destin français,,"Zemmour, Eric",Direct,Greater Victoria Public Library,2025,Collection,Islamophobic,Sexist,Remove,Retained,
53,Artemis,Wild goddess of the hunt,"O’Connor, George",Direct,Vancouver School Board,2025,Collection,Age Inappropriate, ,Review,Relocated,
62,Can we please give the police department to the grandmothers?,,"Petrus, Junauda",Direct,Edmonton Public Library,2025,Collection,Age Inappropriate,Inappropriate Language,Remove,Retained,
69,Otter b series,,"Kennedy, Pamela",Direct,Edmonton Public Library,2025,Collection,Pro-Christian, ,Remove,Retained,
70,Longarm and the lady lawbreaker,,"Evans, Tabor",Direct,Essex County Library,2025,Collection,Explicit Content, ,Remove,Retained,
71,The science of babies,"A little book for big questions about bodies, birth and families","Roffman, Deborah",Direct,Brampton Library,2025,Collection,Age Inappropriate, ,Review,Retained,
72,Gender queer,,"Kobabe, Maia",Direct,Alberta School Boards - All,2025,Collection,Explicit Content, ,Remove,Removed,
73,Blankets,,"Thompson, Craig",Direct,Alberta School Boards - All,2025,Collection,Explicit Content, ,Remove,Removed,
74,Fun house,,"Bechdel, Alison",Direct,Alberta School Boards - All,2025,Collection,Explicit Content, ,Remove,Removed,
75,Flamer,,"Curato, Mike",Direct,Alberta School Boards - All,2025,Collection,Explicit Content, ,Remove,Removed,
82,Love is an illusion series,,Fargo,Direct,Edmonton Public Library,2025,Collection,Explicit Content, ,Remove,Retained,
84,Dreamer,,"Aliu, Akim",Direct,Edmonton Public Library,2025,Collection,Racist against Black people,Inappropriate Language,Remove,Relocated,
85,Life on the preservation,,"Skillingstead, Jack",Direct,Powell River Public Library,2025,Collection,Violence,Sexist,Remove,Retained,
86,Le convoyeur - tome 1 - nymphe,,"Roulot, Tristan",Direct,Cape Breton Regional Library,2025,Collection,Age Inappropriate, ,Relocate,Retained,
87,Coven,,"Chainani, Soman",Direct,Edmonton Public Library,2025,Collection,Age Inappropriate, ,Relocate,Retained,
89,Tell me,"What children really want to know about bodies, sex, and emotions","von der Gathen, Katharina",Direct,Edmonton Public Library,2025,Collection,Age Inappropriate, ,Remove,Retained,
90,You know sex,"Bodies, gender, puberty and other things","Silverberg, Cory",Direct,Barrie Public Library,2025,Collection,Explicit Content,Pro LGBTQIA2S+,Remove,Retained,
92,Introducing south america,,"Ganeri, Anita",Direct,Coquitlam Public Library,2025,Collection,Inappropriate Language, ,Review,Retained,
95,Iran,The culture,"Richter, Joanne",Direct,Vaughan Public Libraries,2025,Collection,Denigrates Nationality, ,Remove,Retained,
96,Piece by piece,The story of nisrin's hijab,"Huq, Priya",Direct,Vaughan Public Libraries,2025,Collection,Age Inappropriate, ,Relocate,Relocated,
97,Our skin,A first conversation about race,"Madison, Megan; Ralli, Jessica",Direct,Vaughan Public Libraries,2025,Collection,Age Inappropriate, ,Review,Relocated,
98,It's a they,,"Herriot, Lindsay",Direct,Edmonton Public Library,2025,Collection,Age Inappropriate, ,Relocate,Retained,
100,The manliness of christ,How the masculinity of jesus eradicates effeminate christianity,"Partridge, Dale",Direct,Mississippi Mills Public Library,2025,Collection,Sexist,Homophobic,Remove,Retained,
101,Hooky. volume 2,,"Tur Bonastre, Míriam",Direct,Edmonton Public Library,2025,Collection,Age Inappropriate, ,Relocate,Retained,
102,Boobies,,"Vo, Nancy",Direct,Thompson-Nicola Regional Library,2025,Collection,Age Inappropriate, ,Relocate,Retained,
103,How woke won,"The elitist movement that threatens democracy, tolerance and reason","Williams, Joanna",Direct,Thompson-Nicola Regional Library,2025,Collection,Politically/Ideologically biased, ,Remove,Retained,
104,Hero-man,,"Radchenka, Lyndon; Schuster, Zach",Direct,Thompson-Nicola Regional Library,2025,Collection,Age Inappropriate, ,Relocate,Retained,
106,Borders,,"King, Thomas",Direct,School District 57 - Prince George,2025,Collection,Cultural Appropriation, ,Remove,Removed,
107,An inconvenient indian,,"King, Thomas",Direct,School District 57 - Prince George,2025,Collection,Cultural Appropriation, ,Remove,Removed,
108,Medicine river,,"King, Thomas",Direct,School District 57 - Prince George,2025,Collection,Cultural Appropriation, ,Remove,Removed,
109,Works of thomas king,,"King, Thomas",Direct,School District 57 - Prince George,2025,Collection,Cultural Appropriation, ,Remove,Removed,
110,The history of jihad,From muhammad to isis,"Spencer, Robert",Direct,Vaughan Public Libraries,2025,Collection,Islamophobic, ,Remove,Relocated,
111,The ethnic cleansing of palestine,,"Pappé, Ilan",Direct,Vaughan Public Libraries,2025,Collection,Antisemitic, ,Remove,Retained,
112,If you're a drag queen and you know it,,Lil Miss Hot Mess,Direct,Calgary Public Library,2025,Collection,Age Inappropriate, ,Remove,Retained,
113,Make your own rainbow,,Lil Miss Hot Mess,Direct,Calgary Public Library,2025,Collection,Age Inappropriate, ,Remove,Retained,
114,"The hips on the drag queen go swish, swish, swish",,Lil Miss Hot Mess,Direct,Calgary Public Library,2025,Collection,Age Inappropriate, ,Remove,Retained,
116,Alligators all around,,"Sendak, Maurice",Direct,Hamilton Public Library,2024,Collection,Racist against Indigenous peoples, ,Remove,Retained,
117,Simpsons comics showstopper,,"Groenig, Matt",Direct,Caledon Public Library,2024,Collection,Age Inappropriate, ,Relocate,Relocated,
118,A court of silver flames (and other acotar series titles),,"Maas, Sarah J.",Direct,Airdrie Public Library,2024,Collection,Age Inappropriate,Explicit Content,Relocate,Relocated,
119,They do it with mirrors,,"Christie, Agatha",Direct,Caledon Public Library,2024,Collection,Racist against Black people, ,Content Warning,Retained,
120,Potch & polly,,"Steig, William",Direct,Sault Ste. Marie Public Library,2024,Collection,Sexist, ,Remove,Retained,
128,Beginning with heidegger,,"Millerman, Michael",Direct,Ottawa Public Library,2024,Collection,Politically/Ideologically biased, ,Remove,Retained,
129,Irreversible damage,The transgender craze seducing our daughters,"Shrier, Abigail",Direct,Ottawa Public Library,2024,Collection,Transphobic, ,Remove,Retained,
130,Eighth grade witch,,"Montgomery, R.A.",Direct,Coquitlam Public Library,2024,Collection,Age Inappropriate, ,Relocate,Retained,
131,Grave error,How the media misled us (and the truth about residential schools),"Champion, C. P.; Flanagan, Tom",Direct,Thompson-Nicola Regional Library,2024,Collection,Racist against Indigenous peoples, ,Remove,Retained,
132,Johnny the walrus,,"Walsh, Matt",Direct,Thompson-Nicola Regional Library,2024,Collection,Transphobic, ,Remove,Retained,
133,When kids say they're trans,A guide for parents,"Ayad, Sasha; Marchiano, Lisa; O'Malley, Stella",Direct,Thompson-Nicola Regional Library,2024,Collection,Transphobic, ,Remove,Retained,
134,Let’s talk about it,"The teen’s guide to sex, relationships, and being human","Moen, Erika; Nolan, Matthew",Direct,Airdrie Public Library,2024,Collection,Inaccurate/Misleading Content,Explicit Content,Review,Retained,
135,Let’s talk about it,"The teen’s guide to sex, relationships, and being human","Moen, Erika; Nolan, Matthew",Direct,Airdrie Public Library,2024,Collection,Explicit Content,Illegal Behaviour/Content,Remove,Retained,
136,Pride atlas,,"Hensen, Maartje",Direct,Airdrie Public Library,2024,Collection,Objectionable Content, ,Remove,Retained,
137,It feels good to be yourself,A book about gender identity,"Thorn, Theresa",Direct,Airdrie Public Library,2024,Collection,Objectionable Content, ,Remove,Retained,
138,True you,A gender journey,"Agna, Gwen",Direct,Airdrie Public Library,2024,Collection,Objectionable Content, ,Remove,Retained,
139,Growing up trans,,"Herriot, Lindsay",Direct,Airdrie Public Library,2024,Collection,Objectionable Content, ,Remove,Retained,
140,Trudeau,The education of a prime minister,"Ivison, John",Direct,Airdrie Public Library,2024,Collection,Objectionable Content, ,Remove,Retained,
141,Abc pride,,"Barnes, Elly; Stowell, Louie",Direct,Airdrie Public Library,2024,Collection,Objectionable Content, ,Remove,Retained,
142,If you're a drag queen and you know it,,Lil Miss Hot Mess,Direct,Calgary Public Library,2024,Collection,Age Inappropriate, ,Relocate,Retained,
143,Dinner with friends,,"Akerman, Malin",Direct,Red Deer Public Library,2024,Collection,Explicit Content, ,Review,Retained,
144,Yes god yes,,"Maine, Karen",Direct,Red Deer Public Library,2024,Collection,Explicit Content, ,Review,Retained,
145,Grave error,How the media misled us (and the truth about residential schools),"Champion, C. P.; Flanagan, Tom",Direct,Calgary Public Library,2024,Collection,Racist against Indigenous peoples,Inaccurate/Misleading Content,Remove,Retained,
146,Pride colors,,"Stevenson, Robin",Direct,Strathmore Municipal Library,2024,Collection,Age Inappropriate,Pro LGBTQIA2S+,Remove,Retained,
147,The daughters of kobani,,"Tzemach Lemmon, Gayle",Direct,Vaughan Public Libraries,2024,Collection,Age Inappropriate,Terrorism,Remove,Retained,
148,The happiest place in the world,,"Deleau, Michelle Page",Direct,Regina Public Library,2024,Collection,Age Inappropriate,Objectionable Content,Remove,Retained,
153,Being you,A first conversation about gender,"Madison, Megan; Ralli, Jessica; Passchier, Anne/Andy",Direct,Cariboo Regional District Library,2024,Collection,Age Inappropriate,Pro LGBTQIA2S+,Remove,Retained,
154,Sex is a funny word,,"Silverberg, Cory",Direct,Cariboo Regional District Library,2024,Collection,Age Inappropriate,Explicit Content,Remove,Retained,
155,It's perfectly normal,"Changing bodies, growing up, sex and sexual health","Harris, Robie H.",Direct,Cariboo Regional District Library,2024,Collection,Age Inappropriate,Explicit Content,Remove,Retained,
156,Pretty ugly,,"Sedaris, David",Direct,Ottawa Public Library,2024,Collection,Age Inappropriate, ,Relocate,Retained,
157,Les piranhas ne mangent pas d'ananas,,"Blabey, Aaron",Direct,Ottawa Public Library,2024,Collection,Age Inappropriate, ,Remove,Retained,
158,Revolting rhymes,,"Dahl, Roald",Direct,St. Thomas Public Library,2024,Collection,Age Inappropriate, ,Remove,Retained,
160,The very marrow of our bones,,"Higdon, Christine",Direct,Greater Victoria Public Library,2024,Collection,Violence, ,Remove,Retained,
161,Marsupilami [french series],,"Colman, Stéphane",Direct,Greater Victoria Public Library,2024,Collection,Racist against Indigenous peoples,Age Inappropriate,Relocate,Other,
162,Pocahontas,Princess of the new world,"Locatelli-Kournwsky, Loïc",Direct,Greater Victoria Public Library,2024,Collection,Objectionable Content, ,Remove,Retained,
163,The return of the gods,,"Cahn, Jonathan",Direct,Greater Victoria Public Library,2024,Collection,Homophobic,Transphobic,Remove,Retained,
164,Fancy nancy,The dazzling book report,"O'Connor, Jane",Direct,Greater Victoria Public Library,2024,Collection,Inaccurate/Misleading Content,Racist against Indigenous peoples,Remove,Retained,
165,A promise is a promise,,"Kusugak, Michael Arvaarluk; Munsch, Robert",Direct,Greater Victoria Public Library,2024,Collection,Violence,Age Inappropriate,Remove,Retained,
166,Irreversible damage,,"Shrier, Abigail",Direct,Greater Victoria Public Library,2024,Collection,Transphobic, ,Remove,Retained,
169,Irreversible damage,,"Shrier, Abigail",Direct,Ottawa Public Library,2024,Collection,Transphobic,Inaccurate/Misleading Content,Remove,Retained,
170,A traitor in whitehall,,"Kelly, Julia",Direct,Ottawa Public Library,2024,Collection,Quality of Content, ,Remove,Retained,
171,Beetle & the hollowbones,,"Layne, Aliza",Direct,Airdrie Public Library,2024,Collection,Age Inappropriate, ,Relocate,Retained,
172,The muhammad code,,"Bloom, Howard",Direct,Ottawa Public Library,2024,Collection,Inaccurate/Misleading Content,Islamophobic,Remove,Retained,
173,History of mistresses,,"Abbott, Elizabeth",Direct,Ottawa Public Library,2024,Collection,Explicit Content, ,Content Warning,Retained,
175,Dzhim pugovka i chërtova di͡uzhina / jim button and the wild 13 (russian edition),,"Ende, Michael",Direct,Greater Victoria Public Library,2024,Collection,Racist against Black people, ,Review,Removed,
176,Wingman,,"Mills, Jean",Direct,Greater Victoria Public Library,2024,Collection,Inappropriate Language,Age Inappropriate,Content Warning,Retained,
177,Mickey's inferno (disney great parodies),,"Petrucha, Stefan",Direct,Greater Victoria Public Library,2024,Collection,Denigrates Ethnicity,Denigrates Nationality,Relocate,Retained,
178,I am not okay with this,,"Forsman, Charles",Direct,Hamilton Public Library,2024,Collection,Pro LGBTQIA2S+,Explicit Content,Remove,Retained,
179,Lost in trans nation,A child psychiatrist's guide out of the madness,"Grossman, Miriam; Peterson, Jordan B.",Direct,Hamilton Public Library,2024,Collection,Transphobic,Homophobic,Remove,Retained,
180,I am not okay with this,,"Forsman, Charles",Direct,Hamilton Public Library,2024,Collection,Explicit Content,Violence,Remove,Retained,
181,Princess princess ever after,,"O'Neill, Katie",Direct,Waterloo Public Library,2024,Collection,Pro LGBTQIA2S+, , ,Unknown,
182,A court of thorns and roses,,"Maas, Sarah J.",Direct,Richmond Public Library,2024,Collection,Age Inappropriate,Explicit Content,Relocate,Relocated,
183,A god who hates,The courageous woman who inflamed the muslim world speaks out against the evils of islam,"Sultan, Wafa",Direct,Richmond Public Library,2024,Collection,Islamophobic,Inaccurate/Misleading Content,Review,Retained,
184,Sitti’s bird,A gaza story,"Mattar, Malak",Direct,Richmond Public Library,2024,Collection,Politically/Ideologically biased,Anti-Israel,Review,Retained,
190,Dog biscuits,,"Graham, Alex",Direct,Brampton Library,2024,Collection,Age Inappropriate,Explicit Content,Restrict Access,Relocated,
191,"Miss kobayashi's dragon maid, vol 2",,Coolkyousinnjya,Direct,Brampton Library,2024,Collection,Age Inappropriate, ,Restrict Access,Retained,
192,Since that year,,Elpis,Direct,Edmonton Public Library,2024,Collection,Inaccurate/Misleading Content, ,Remove,Retained,
193,Splatoon,,"Hinodeya, Sankichi",Direct,Edmonton Public Library,2024,Collection,Age Inappropriate,Explicit Content,Relocate,Retained,
194,My first little book of intersectional activism,,"McGrath, Titania",Direct,Edmonton Public Library,2024,Collection,Age Inappropriate,Objectionable Content,Relocate,Relocated,
195,Finding john rae,,"Hamilton, Alice Jane",Direct,Edmonton Public Library,2024,Collection,Inaccurate/Misleading Content,Racist against Indigenous peoples,Relocate,Retained,
196,When kids say they're trans,,"Ayad, Sasha; Marchiano, Lisa; O'Malley, Stella",Direct,Edmonton Public Library,2024,Collection,Inaccurate/Misleading Content,Transphobic,Remove,Retained,
197,Bodies are cool,,"Feder, Tyler",Direct,Peterborough Public Library,2024,Collection,Objectionable Content, ,Review,Retained,
198,The strangest fish,,"Arden, Katherine",Direct,Prince George Public Library,2024,Collection,Objectionable Content, ,Remove,Retained,
199,Loveless,,"Koga, Yun",Direct,Edmonton Public Library,2024,Collection,Age Inappropriate,Illegal Behaviour/Content,Relocate,Relocated,
200,Homeopathy,The complete guide to natural remedies,"Quemoun, Albert-Claude; Pensa, Sophie",Direct,Edmonton Public Library,2024,Collection,Inaccurate/Misleading Content, ,Remove,Retained,
201,I am helpful,,"Capozzi, Suzy",Direct,Barrie Public Library,2024,Collection,Objectionable Content,Quality of Content,Remove,Retained,
202,Horseman,A tale of sleepy hollow,"Henry, Christina",Direct,Ottawa Public Library,2024,Collection,Pro LGBTQIA2S+, ,Content Warning,Retained,
203,To train up a child,Child training for the 21st century,"Pearl, Michael; Pearl, Debi",Direct,Edmonton Public Library,2024,Collection,Violence, ,Remove,Removed,
206,I'm unvaccinated and that's ok!,,"Kroner, Shannon",Direct,Port Moody Public Library,2024,Collection,Inaccurate/Misleading Content, ,Remove,Retained,
211,Tim the fox,,"Vasiliev, Alexey; Kopylov, Roman",Direct,Vaughan Public Libraries,2024,Collection,Politically/Ideologically biased, ,Remove,Retained,
212,The book of negroes,,"Hill, Lawrence",Direct,London District Catholic School Board,2024,Collection,Inappropriate Language, ,Remove,Removed,
213,Not me,,"Gravel, Elise",Direct,Vaughan Public Libraries,2024,Collection,Antisemitic,Politically/Ideologically biased,Remove,Retained,
214,Tintin in america,,Hergé,Direct,Vaughan Public Libraries,2024,Collection,Racist against Indigenous peoples, ,Remove,Relocated,
215,The night detectives,,"Talton, Jon",Direct,Hamilton Public Library,2024,Collection,Explicit Content,Quality of Content,Remove,Retained,
216,Just so stories,,"Kipling, Rudyard",Direct,Whitby Public Library,2024,Collection,Racist,Age Inappropriate,Remove,Other,
219,"Zo zo zombie. vol. 8, rainy season",,"Nagatoshi, Yasunari",Direct,Ottawa Public Library,2024,Collection,Age Inappropriate, ,Relocate,Retained,
220,We are totally normal,,"Kanakia, Naomi",Direct,Richmond Public Library,2024,Collection,Sexist, ,Restrict Access,Retained,
221,The cuckoo's calling,,"Galbraith, Robert",Direct,Selkirk College Library,2024,Collection,Transphobic, ,Remove,Retained,
222,A sister,,"Vivès, Bastien",Direct,London Public Library,2024,Collection,Age Inappropriate,Explicit Content,Remove,Retained,
223,Taming seraphine,,"Styx, Gigi",Direct,Burlington Public Library,2024,Collection,Age Inappropriate,Objectionable Content,Restrict Access,Retained,
224,Boobies,,"Vo, Nancy",Direct,Durham District School Board,2024,Collection,Explicit Content,Age Inappropriate,Remove,Retained,
226,Sebastian,,"Mäkelä, Mikko",Direct,Hamilton Public Library,2024,Collection,Explicit Content, ,Remove,Retained,
227,The customer is always wrong,,"Pond, Mimi",Direct,Airdrie Public Library,2024,Collection,Explicit Content,Substance Abuse,Restrict Access,Retained,
228,Sex is a funny word,"A book about bodies, feelings, and you","Silverberg, Cory",Direct,Airdrie Public Library,2024,Collection,Explicit Content,Illegal Behaviour,Restrict Access,Retained,
229,It's perfectly normal,,"Harris, Robie H.",Direct,Airdrie Public Library,2024,Collection,Explicit Content,Illegal Behaviour,Relocate,Retained,
231,Mein kampf,,"Hilter, Adolf",Direct,Toronto Public Library,2024,Collection,Antisemitic, ,Remove,Retained,
232,Men to avoid in art and life,,"Tersigni, Nicole",Direct,Toronto Public Library,2024,Collection,Sexist,Denigrates Religious Group or Religious/ Spiritual Beliefs,Remove,Retained,
233,Operation paperclip,,"Jacobsen, Annie",Direct,Toronto Public Library,2024,Collection,Antisemitic, ,Remove,Retained,
234,Voici buffy sainte-marie,,"MacLeod, Elizabeth",Direct,Toronto Public Library,2024,Collection,Racist against Indigenous peoples,Cultural Appropriation,Remove,Retained,
235,The boys volume 1,The name of the game,"Ennis, Garth",Direct,Vancouver Public Library,2024,Collection,Explicit Content, ,Remove,Retained,
236,Cage of eden 1,,"Yamada, Yoshinobu",Direct,Vancouver Public Library,2024,Collection,Age Inappropriate,Explicit Content,Remove,Retained,
240,Pictures of innocence,,"Higonnet, Anne",Direct,Vancouver Public Library,2024,Collection,Explicit Content, ,Remove,Retained,
241,Native american crafts workshop,,"Bernstein, Bonnie; Blair, Leigh",Direct,Vancouver Public Library,2024,Collection,Inaccurate/Misleading Content, ,Remove,Removed,
248,Abolition is love,,"Ware, Syrus Marcus",Direct,Vancouver Public Library,2024,Collection,Politically/Ideologically biased,Age Inappropriate,Remove,Retained,
252,Taxi zum klo,,"Ripploh, Frank",Direct,Vancouver Public Library,2024,Collection,Illegal Behaviour/Content,Explicit Content,Remove,Retained,
253,The wealthy barber,The common sense guide to successful financial planning,"Chilton, David",Direct,Vancouver Public Library,2024,Collection,Racist against Indigenous peoples, ,Remove,Retained,
254,The truth about muhammad,Founder of the world's most intolerant religion,"Spencer, Robert",Direct,Vancouver Public Library,2024,Collection,Islamophobic, ,Remove,Removed,
255,Gut and psychology syndrome,,"Campbell-McBride, Natasha",Direct,Ottawa Public Library,2024,Collection,Inaccurate/Misleading Content, ,Remove,Retained,
256,Phoenix gets greater,,"Wilson-Trudeau, Marty; Wilson, Phoenix",Direct,Calgary Catholic School District,2024,Collection,Pro LGBTQIA2S+,Anti-Christian,Remove,Removed,
257,Controligarchs,"Exposing the billionaire class, their secret deals, and the globalist plot to dominate your life","Bruner, Seamus",Direct,Greater Victoria Public Library,2024,Collection,Antisemitic,Politically/Ideologically biased,Remove,Retained,
258,To kill a mockingbird,,"Lee, Harper",Direct,Surrey School District 36,2024,Collection,Racist against Black people, ,Remove,Removed,
259,Of mice and men,,"Steinbeck, John",Direct,Surrey School District 36,2024,Collection,Racist against Black people, ,Remove,Removed,
260,In the heat of the night,,"Ball, John",Direct,Surrey School District 36,2024,Collection,Racist against Black people, ,Remove,Removed,
261,The absolutely true story of a part time indian,,"Alexie, Sherman",Direct,Surrey School District 36,2024,Collection,Racist against Indigenous People,Racist against Black people,Remove,Removed,
262,Still a gorilla,,"Norman, Kim",Direct,Okanagan Regional Library,2024,Collection,Transphobic, ,Remove,Retained,
263,If i ran the zoo,,Dr. Seuss,Direct,Okanagan Regional Library,2024,Collection,Racist, ,Remove,Removed,
265,Who are you?,The kid's guide to gender identity,"Pessin-Wheebee, Brook",Direct,Vancouver Island Regional Library,2024,Collection,Pro-LGBTQIA+, ,Remove,Retained,
266,A court of silver flames,,"Maas, Sarah J.",Direct,Okanagan Regional Library,2024,Collection,Age Inappropriate, ,Relocate,Retained,
267,Irreversible damage,,"Shrier, Abigail",Direct,Okanagan Regional Library,2024,Collection,Inaccurate/Misleading Content,Transphobic,Remove,Retained,
268,Mind over matter,Hard-won battles on the road to hope,"Tootoo, Jordin; Brunt, Stephen",Direct,Grand Forks & District Public Library,2024,Collection,Inappropriate Language, ,Remove,Retained,
269,Lord of the flies,,"Golding, William",Direct,Toronto Catholic District School Board,2024,Collection,Inappropriate Language, ,Remove,Removed,
270,Of mice and men,,"Steinbeck, John",Direct,Toronto Catholic District School Board,2024,Collection,Inappropriate Language, ,Remove,Removed,
271,Adventures of huckleberry finn,,"Twain, Mark",Direct,Toronto Catholic District School Board,2024,Collection,Inappropriate Language, ,Remove,Removed,
272,To kill a mockingbird,,"Lee, Harper",Direct,Toronto Catholic District School Board,2024,Collection,Inappropriate Language, ,Remove,Removed,
273,The heart of darkness,,"Conrad, Joseph",Direct,Toronto Catholic District School Board,2024,Collection,Inappropriate Language, ,Remove,Removed,
276,Being you,A first conversation about gender,"Madison, Megan; Ralli, Jessica; Passchier, Anne/Andy",Direct,Red Deer Public Library,2023,Collection,Pro LGBTQIA2S+, ,Remove,Retained,
277,Tintin en amerique/ tintin in america,,Hergé,Direct,Ottawa Public Library,2023,Collection,Racist against Indigenous peoples,Racist against Black people,Remove,Retained,
279,Le stégosaure,Le plus amical des dinosaures,"Obiols, Anna",Direct,Ottawa Public Library,2023,Collection,Cultural Appropriation,Racist against Indigenous peoples,Remove,Retained,
280,Conscious parenting,,"Cousens, Gabriel",Direct,Ottawa Public Library,2023,Collection,Inaccurate/Misleading Content, ,Content Warning,Retained,
296,The beast or the lamb,,"Prince, Derek",Direct,Ottawa Public Library,2023,Collection,Denigrates Religious Group or Religious/ Spiritual Beliefs, ,Remove,Retained,
297,Sex is a funny word,,"Silverberg, Cory",Direct,Newcastle Public Library,2023,Collection,Age Inappropriate,Explicit Content,Relocate,Retained,
298,Let's talk about it,"The teen's guide to sex, relationships, and being a human","Moen, Erika; Nolan, Matthew",Direct,Newcastle Public Library,2023,Collection,Age Inappropriate,Explicit Content,Relocate,Retained,
302,Bad roads,,"Vorozhbit, Natalya",Direct,Grande Prairie Public Library,2023,Collection,Explicit Content,Violence,Remove,Removed,
303,Calvin,,"Ford, JR and Vanessa",Direct,Fort St James Public Library,2023,Collection,Age Inappropriate,Pro LGBTQIA2S+,Remove,Retained,
304,"Pink, blue and you, questions for kids about gender stereotypes",,"Gravel, Elise; Blais, Mykaell",Direct,Fort St James Public Library,2023,Collection,Age Inappropriate,Pro LGBTQIA2S+,Remove,Retained,
306,No fixed address,,"Nielsen, Susin",Direct,Elgin County Library,2023,Collection,Age Inappropriate,Explicit Content,Remove,Retained,
307,The menu,,"Mylod, Mark",Direct,Ottawa Public Library,2023,Collection,Objectionable Content, ,Remove,Retained,
308,"The boy's guide to drawing aliens, warriors, robots, and other cool stuff",,"Sautter, Aaron",Direct,Greater Victoria Public Library,2023,Collection,Sexist, ,Review,Retained,
309,Vsya pravda ob ukraine,Komu vygoden raskol strany? / the truth about ukraine: who benefits from the split of the country?,"Prokopenko, Igor",Direct,Greater Victoria Public Library,2023,Collection,Inaccurate/Misleading Content,Politically/Ideologically biased,Remove,Removed,
310,These are not the words,,"West Lewis, Amanda",Direct,Greater Victoria Public Library,2023,Collection,Age Inappropriate,Objectionable Content,Relocate,Retained,
311,Lektsii o budushchem / lectures on the future,,"Limonov, Eduard",Direct,Greater Victoria Public Library,2023,Collection,Islamophobic,Homophobic,Remove,Removed,
312,Velikaya tayna deneg / the great secret of money,,"Prokopenko, Igor",Direct,Greater Victoria Public Library,2023,Collection,Inaccurate/Misleading Content,Denigrates Ethnicity,Remove,Removed,
313,Tainy cheloveka / secrets of man,,"Prokopenko, Igor",Direct,Greater Victoria Public Library,2023,Collection,Inaccurate/Misleading Content, ,Remove,Removed,
314,My body is growing,A guide for children ages 4-8,"Geisler, Dagmar",Direct,Olds Municipal Library,2023,Collection,Age Inappropriate,Explicit Content,Remove,Other,
321,The steam age in western ontario,,"George, E.B.",Direct,Oxford County Library,2023,Collection,Racist, ,Review,Relocated,
323,Growing up trans,In our own words,"Herriot, Lindsay; Fry, Kate",Direct,Whitby Public Library,2023,Collection,Age Inappropriate,Pro LGBTQIA2S+,Relocate,Retained,
324,Lucky,,"Sebold, Alice",Direct,Prairie Rose School Division,2023,Collection,Explicit Content, ,Remove,Retained,
325,Milk and honey,,"Kaur, Rupi",Direct,Prairie Rose School Division,2023,Collection,Explicit Content, ,Remove,Retained,
326,This book is gay,,"Dawson, Juno",Direct,Prairie Rose School Division,2023,Collection,Explicit Content, ,Remove,Retained,
327,Sex is a funny word,,"Silverberg, Cory",Direct,Prairie Rose School Division,2023,Collection,Explicit Content, ,Remove,Retained,
328,Gender queer,,"Kobabe, Maia",Direct,Prairie Rose School Division,2023,Collection,Explicit Content, ,Remove,Retained,
329,Loveless,,"Oseman, Alice",Direct,Smithers Public Library,2023,Collection,Inappropriate Language,Objectionable Content,Remove,Retained,
336,Let's talk about it,"The teen's guide to sex, relationships, and being a human","Moen, Erika; Nolan, Matthew",Direct,Fort Saskatchewan Public Library,2023,Collection,Age Inappropriate,Explicit Content,Remove,Retained,
337,Sex is a funny word,,"Silverberg, Cory",Direct,Creston Valley Public Library,2023,Collection,Age Inappropriate,Explicit Content,Remove,Retained,
338,It's perfectly normal,,"Harris, Robie H.",Direct,Creston Valley Public Library,2023,Collection,Age Inappropriate,Explicit Content,Relocate,Retained,
339,Fun home,A family tragicomic,"Bechdel, Alison",Direct,Creston Valley Public Library,2023,Collection,Age Inappropriate,Explicit Content,Remove,Retained,
340,All boys aren't blue,,"Johnson, George M.",Direct,Creston Valley Public Library,2023,Collection,Explicit Content,Pro LGBTQIA2S+,Remove,Retained,
341,The bluest eye,,"Morrison, Toni",Direct,Creston Valley Public Library,2023,Collection,Explicit Content, ,Relocate,Retained,
342,This book is gay,,"Dawson, Juno",Direct,Creston Valley Public Library,2023,Collection,Explicit Content,Pro LGBTQIA2S+,Relocate,Retained,
343,Melissa,,"Gino, Alex",Direct,Creston Valley Public Library,2023,Collection,Pro LGBTQIA2S+, ,Relocate,Retained,
344,Oskolki mysleĭ,,"Satanovskiĭ, E. I͡A.",Direct,Ottawa Public Library,2023,Collection,Politically/Ideologically biased, ,Remove,Retained,
345,Love on the other side,,Nagabe,Direct,Ottawa Public Library,2023,Collection,Age Inappropriate,Illegal Behaviour/Content,Relocate,Retained,
347,Princess pru and the ogre on the hill,,"Fergus, Maureen",Direct,Waterloo Catholic District School Board,2023,Collection,Pro LGBTQIA2S+, ,Restrict Access,Restricted Access,
348,The mystery of the painted fan,,"Trinh, Linda",Direct,Waterloo Catholic District School Board,2023,Collection,Pro LGBTQIA2S+, ,Restrict Access,Restricted Access,
349,Jude saves the world,,"Riley, Ronnie",Direct,Waterloo Catholic District School Board,2023,Collection,Pro LGBTQIA2S+, ,Restrict Access,Restricted Access,
350,Salma writes a book,,"Ramadan, Danny",Direct,Waterloo Catholic District School Board,2023,Collection,Pro LGBTQIA2S+, ,Restrict Access,Restricted Access,
352,Bad little children's books,,"Gackley, Arthur C.",Direct,Guelph Public Library,2023,Collection,Denigrates Ethnicity,Racist,Review,Removed,
353,The education of little tree,,"Carter, Forrest",Direct,Guelph Public Library,2023,Collection,Cultural Appropriation, ,Remove,Removed,
355,The story of freginald,,"Brooks, Walter R.",Direct,Mississippi Mills Public Library,2023,Collection,Racist against Black people, ,Remove,Retained,
357,"Come on, people",On the path from victims to victors,"Cosby, Bill; Poussaint, Alvin",Direct,Sault Ste. Marie Public Library,2023,Collection,Objectionable Content, ,Remove,Removed,
359,My body is growing,A guide for children ages 4-8,"Geisler, Dagmar",Direct,Peterborough Public Library,2023,Collection,Explicit Content,Illegal Behaviour/Content,Remove,Retained,
360,Stonewall,A building. an uprising. a revolution,"Sanders, Rob",Direct,Surrey School District 36,2023,Collection,Pro LGBTQIA2S+,Age Inappropriate,Remove,Retained,
361,Being you,A first conversation about gender,"Madison, Megan; Ralli, Jessica; Passchier, Anne/Andy",Direct,Surrey School District 36,2023,Collection,Pro LGBTQIA2S+, ,Remove,Retained,
362,I am jazz,,"Jennings, Jazz; Herthel, Jessica",Direct,Surrey School District 36,2023,Collection,Pro LGBTQIA2S+, ,Remove,Retained,
363,The hate u give,,"Thomas, Angie",Direct,Surrey School District 36,2023,Collection,Explicit Content,Age Inappropriate,Restrict Access,Retained,
365,Becoming,,"Obama, Michelle",Direct,Vancouver Public Library,2023,Collection,Pro LGBTQIA2S+, ,Remove,Retained,
366,The berenstain bears take off!,,"Berenstain, Mike",Direct,Vancouver Public Library,2023,Collection,Politically/Ideologically biased, ,Review,Retained,
367,Asterix and the chieftain's shield,,"Goscinny, Rene; Uderzo, Albert",Direct,Vancouver Public Library,2023,Collection,Racist, ,Review,Retained,
368,Asterix and the great crossing,,"Goscinny, Rene; Uderzo, Albert",Direct,Vancouver Public Library,2023,Collection,Racist, ,Remove,Retained,
375,Redefining realness,,"Mock, Janet",Direct,Vancouver Public Library,2023,Collection,Pro LGBTQIA2S+, ,Relocate,Retained,
376,Born this way,Real stories of growing up gay,"Vitagliano, Paul",Direct,Vancouver Public Library,2023,Collection,Pro LGBTQIA2S+, ,Relocate,Retained,
377,My trans parent,,"Bryant, Heather",Direct,Vancouver Public Library,2023,Collection,Pro LGBTQIA2S+, ,Relocate,Retained,
378,Transgender lives,,"Cronn-Mills, Kirstin",Direct,Vancouver Public Library,2023,Collection,Pro LGBTQIA2S+, ,Relocate,Retained,
379,Gender explorers,,"Roche, Juno",Direct,Vancouver Public Library,2023,Collection,Pro LGBTQIA2S+, ,Relocate,Retained,
380,"Bye bye, binary",,"Geron, Eric",Direct,Vancouver Public Library,2023,Collection,Other, ,Remove,Retained,
381,Mom marries mum!,,"Setterington, Ken; Priestley, Alice",Direct,Vancouver Public Library,2023,Collection,Other, ,Remove,Retained,
383,You know sex,"Bodies, gender, puberty and other things","Silverberg, Cory",Direct,Vancouver Public Library,2023,Collection,Other, ,Remove,Retained,
384,Locomotive,,"Floca, Brian",Direct,Vancouver Public Library,2023,Collection,Racist against Indigenous peoples, ,Review,Retained,
385,Pride,The celebration and the struggle,"Stevenson, Robin",Direct,Vancouver Public Library,2023,Collection,Age Inappropriate, ,Relocate,Retained,
386,The gay rights movement.,,"Braun, Eric",Direct,Vancouver Public Library,2023,Collection,Age Inappropriate, ,Relocate,Retained,
387,Straight talk about sexual orientation and gender identity,,"Stuckey, Rachel",Direct,Vancouver Public Library,2023,Collection,Age Inappropriate, ,Relocate,Retained,
388,Identifying as transgender,,"Woods, Sara",Direct,Vancouver Public Library,2023,Collection,Age Inappropriate, ,Relocate,Relocated,
389,You are not alone,Finding your lgbtq community,"Quist, Jeremy",Direct,Vancouver Public Library,2023,Collection,Age Inappropriate, ,Relocate,Relocated,
390,Of mice and men,,"Steinbeck, John",Direct,Greater Essex County District School Board,2023,Collection,Racist against Black people,Inappropriate Language,Remove,Removed,
391,The adventures of huckleberry finn,,"Twain, Mark",Direct,Greater Essex County District School Board,2023,Collection,Racist against Black people,Inappropriate Language,Remove,Removed,
392,Heartstopper,,"Oseman, Alice",Direct,Deseronto Public Library,2023,Collection,Pro LGBTQIA2S+,Age Inappropriate,Restrict Access,Retained,
393,Mein kampf,,"Hitler, Adolf",Direct,Hamilton Public Library,2023,Collection,Politically/Ideologically biased,Antisemitic,Remove,Retained,
394,Sex criminals,,"Fraction, Matt; Zdarsky, Chip",Direct,Hamilton Public Library,2023,Collection,Explicit Content, ,Remove,Retained,
395,Collar,,"Nicholson, Ryan",Direct,Hamilton Public Library,2023,Collection,Violence,Explicit Content,Remove,Retained,
396,The bare naked book,,"Stinson, Kathy",Direct,Regina Public Library,2023,Collection,Age Inappropriate,Explicit Content,Remove,Retained,
397,"Student, 15, opens phone repair business with entrepreneur program",,"Gamrot, Sabrina",Direct,Mississauga Library,2023,Collection,Other, ,Remove,Retained,
398,Gender queer,,"Kobabe, Maia",Direct,B.C. School District #64 - Gulf Islands,2023,Collection,Age Inappropriate,Objectionable Content,Remove,Retained,
399,This book is gay,,"Dawson, James",Direct,B.C. School District #64 - Gulf Islands,2023,Collection,Age Inappropriate,Objectionable Content,Remove,Retained,
400,Me and earl and the dying girl,,"Andrews, Jesse",Direct,B.C. School District #64 - Gulf Islands,2023,Collection,Age Inappropriate,Objectionable Content,Remove,Retained,
401,It feels good to be yourself,A book about gender identity,"Thorn, Theresa",Direct,Caledon Public Library,2023,Collection,Age Inappropriate,Pro LGBTQIA2S+,Relocate,Retained,
402,Works of d.h. lawrence,,"Lawrence, D. H.; Herbert, David",Direct,Mississauga Library,2023,Collection,Author, ,Remove,Retained,
404,Skippyjon jones series,,"Schachner, Judy",Direct,Smithers Public Library,2023,Collection,Racist, ,Review,Retained,
413,"Snotgirl, volumes 1 & 3",,"O'Malley, Bryan Lee",Direct,Greater Victoria Public Library,2023,Collection,Age Inappropriate, ,Relocate,Retained,
414,Survivors club,The true story of a very young prisoner of auschwitz,"Bornstein, Michael",Direct,Greater Victoria Public Library,2023,Collection,Age Inappropriate,Violence,Relocate,Retained,
422,Golden girl,,"Faruqi, Reem",Direct,Toronto Public Library,2023,Collection,Islamophobic, ,Remove,Retained,
423,It feels good to be yourself,A book about gender identity,"Thorn, Theresa",Direct,Toronto Public Library,2023,Collection,Pro LGBTQIA2S+, ,Remove,Retained,
424,The mysterious misadventures of foy rin jin ,A decidedly dysfunctional dragon,"Friedman, Jim",Direct,Toronto Public Library,2023,Collection,Racist against Asian people, ,Remove,Retained,
425,If you're a drag queen and you know it,,Lil Miss Hot Mess,Direct,Burlington Public Library,2023,Collection,Explicit Content,Pro LGBTQIA2S+,Remove,Retained,
426,Aramcoworld magazine,, ,Direct,Burlington Public Library,2023,Collection,Politically/Ideologically biased, ,Remove,Retained,
427,Big bath house,,"Maclear, Kyo",Direct,Burlington Public Library,2023,Collection,Objectionable Content,Age Inappropriate,Remove,Retained,
428,Gender queer,,"Kobabe, Maia",Direct,Burlington Public Library,2023,Collection,Explicit Content,Objectionable Content,Remove,Retained,
429,Strays,,"Ferrell, Will; Foxx, Jamie",Direct,Burlington Public Library,2023,Collection,Age Inappropriate,Inappropriate Language,Remove,Retained,
430,I'm charlie walker,,"Gilles, Patrick",Direct,Cape Breton Regional Library,2023,Collection,Age Inappropriate,Objectionable Content,Relocate,Retained,
431,My body is growing,A guide for children ages 4-8,"Geisler, Dagmar",Direct,Calgary Public Library,2023,Collection,Explicit Content, ,Review,Retained,
432,Mrs. harris goes to paris,,"Fabian, Anthony",Direct,Calgary Public Library,2023,Collection,Racist, ,Review,Retained,
433,Mrs. harris goes to new york,,"Fabian, Anthony",Direct,Calgary Public Library,2023,Collection,Racist, ,Review,Retained,
434,Irreversible damage,The transgender craze seducing our daughters,"Shrier, Abigail",Direct,Calgary Public Library,2023,Collection,Objectionable Content, ,Remove,Retained,
435,Irreversible damage,The transgender craze seducing our daughters,"Shrier, Abigail",Direct,Calgary Public Library,2023,Collection,Objectionable Content, ,Relocate,Retained,
437,Gender queer,,"Kobabe, Maia",Direct,Calgary Public Library,2023,Collection,Explicit Content, ,Remove,Retained,
438,It's perfectly normal,,"Harris, Robie H.",Direct,Calgary Public Library,2023,Collection,Explicit Content, ,Remove,Retained,
439,My body is growing,A guide for children ages 4-8,"Geisler, Dagmar",Direct,Calgary Public Library,2023,Collection,Age Inappropriate,Explicit Content,Review,Retained,
440,It's thanksgiving,,"Prelutsky, Jack",Direct,Calgary Public Library,2023,Collection,Racist against Indigenous peoples, ,Remove,Retained,
441,Let's talk about it,"The teen's guide to sex, relationships, and being a human","Moen, Erika; Nolan, Matthew",Direct,Calgary Public Library,2023,Collection,Explicit Content, ,Remove,Retained,
442,The bare naked book,,"Stinson, Kathy",Direct,Calgary Public Library,2023,Collection,Age Inappropriate,Explicit Content,Relocate,Retained,
443,And tango makes three,,"Richardson, Justin; Parnell, Peter",Direct,Coquitlam Public Library,2023,Collection,Age Inappropriate,Pro LGBTQIA2S+,Remove,Other,
444,My grandma and me,,"Javaherbin, Mina",Direct,Coquitlam Public Library,2023,Collection,Pro-Muslim, ,Remove,Retained,
445,Clifford's halloween,,"Bridwell, Norman",Direct,Coquitlam Public Library,2023,Collection,Age Inappropriate,Cultural Appropriation,Remove,Retained,
446,If you're a drag queen and you know it,,Lil Miss Hot Mess,Direct,Grand Forks & District Public Library,2023,Collection,Pro LGBTQIA2S+,Explicit Content,Remove,Retained,
447,Sex is a funny word,,"Silverberg, Cory",Direct,Grand Forks & District Public Library,2023,Collection,Pro LGBTQIA2S+,Explicit Content,Remove,Retained,
448,"Rainbow, a first book of pride",,"Genhart, Michale",Direct,Grand Forks & District Public Library,2023,Collection,Pro LGBTQIA2S+,Explicit Content,Remove,Retained,
449,Donovan's big day,,"Newman, Leslea",Direct,Grand Forks & District Public Library,2023,Collection,Pro LGBTQIA2S+,Explicit Content,Remove,Retained,
450,Melissa,,"Gino, Alex",Direct,Grand Forks & District Public Library,2023,Collection,Pro LGBTQIA2S+,Explicit Content,Remove,Retained,
451,Helping our world get well,Covid vaccines,"Bacon, Beth",Direct,Port Moody Public Library,2023,Collection,Inaccurate/Misleading Content, ,Remove,Retained,
452,The pond,,"Davies, Nicola",Direct,Port Moody Public Library,2023,Collection,Age Inappropriate,Objectionable Content,Remove,Retained,
453,My body is growing,A guide for children ages 4-8,"Geisler, Dagmar",Direct,Prince George Public Library,2023,Collection,Age Inappropriate,Explicit Content,Remove,Removed,
454,Long live princess smartypants,,"Cole, Babette",Direct,Regina Public Library,2023,Collection,Racist, ,Remove,Retained,
455,Whoever you are,,"Wai Lin, Josephine",Direct,Regina Public Library,2023,Collection,Age Inappropriate,Explicit Content,Remove,Retained,
456,The travels of babar,,"de Brunhoff, Jean",Direct,Smithers Public Library,2023,Collection,Racist against Indigenous peoples,Racist against Black people,Remove,Retained,
457,Red room,Trigger warnings,"Piskor, Ed",Direct,Surrey Libraries,2023,Collection,Objectionable Content, ,Review,Retained,
458,Red room,Trigger warnings,"Piskor, Ed",Direct,Surrey Libraries,2023,Collection,Violence, ,Review,Retained,
459,The anthology of mind,,"Musturi, Tommi",Direct,Surrey Libraries,2023,Collection,Age Inappropriate,Objectionable Content,Review,Relocated,
460,If you're a drag queen and you know it,,Lil Miss Hot Mess,Direct,Surrey Libraries,2023,Collection,Age Inappropriate, ,Review,Retained,
461,Sex is a funny word,,"Silverberg, Cory",Direct,Kennebecasis Public Library,2023,Collection,Age Inappropriate,Pro LGBTQIA2S+,Remove,Retained,
464,Millenneagram,"The enneagram guide for discovering your truest, baddest self","Paasch, Hannah",Direct,Richmond Public Library,2023,Collection,Inappropriate Language, ,Review,Retained,
465,We are allies,,"Emerald, Taimani",Direct,Richmond Public Library,2023,Collection,Pro LGBTQIA2S+, ,Remove,Retained,
470,Infinity pool,,"Cronenberg, Brandon",Direct,Edmonton Public Library,2023,Collection,Explicit Content, ,Content Warning,Other,
471,New pathway - ukrainian news,, ,Direct,Edmonton Public Library,2023,Collection,Antisemitic,White Supremacist,Remove,Retained,
472,"Wherever you go, i want you to know",,"Kruger, Melissa",Direct,Edmonton Public Library,2023,Collection,Objectionable Content,Pro-Christian,Relocate,Relocated,
473,The big questions book of sex and consent,,"Freitas, Donna",Direct,Edmonton Public Library,2023,Collection,Age Inappropriate, ,Relocate,Relocated,
474,Tales from the hood,,"Lee, Spike",Direct,Edmonton Public Library,2023,Collection,Explicit Content,Racist against Black people,Remove,Retained,
475,My body is growing,,"Geisler, Dagmar",Direct,Edmonton Public Library,2023,Collection,Age Inappropriate,Explicit Content,Remove,Retained,
476,Dicks,,"Ennis, Garth",Direct,Edmonton Public Library,2023,Collection,Explicit Content, ,Restrict Access,Retained,
477,War in ukraine,Making sense of a senseless conflict,"Davies, Nicolas J.S.; Benjamin, Medea",Direct,Edmonton Public Library,2023,Collection,Inaccurate/Misleading Content,Politically/Ideologically biased,Remove,Retained,
478,Unveiled,How western liberals empower radical islam,"Mohammed, Yasmine",Direct,Edmonton Public Library,2023,Collection,Quality of Content,Islamophobic,Relocate,Retained,
479,Check please!,,"Ukazu, Ngozi",Direct,Edmonton Public Library,2023,Collection,Age Inappropriate, ,Relocate,Retained,
480,Canada's first nations and cultural genocide,,"Cohen, Robert Z",Direct,Edmonton Public Library,2023,Collection,Age Inappropriate, ,Relocate,Relocated,
481,The prison healer,,"Noni, Lynette",Direct,Edmonton Public Library,2023,Collection,Age Inappropriate, ,Relocate,Retained,
482,Smokey,,"Peet, Bill",Direct,Peterborough Public Library,2023,Collection,Racist against Indigenous peoples, ,Remove,Removed,
483,The big bath house,,"MacLear, Kyo",Direct,Vaughan Public Libraries,2023,Collection,Objectionable Content,Age Inappropriate,Content Warning,Retained,
484,Lies girls believe and the truth that sets them free,,"Gresh, Dannah",Direct,Kingston Frontenac Public Library,2023,Collection,Transphobic,Denigrates other Sexual Orientation,Remove,Removed,
485,Naughty or nice,,"Dickey, Eric Jerome",Direct,Kingston Frontenac Public Library,2023,Collection,Explicit Content,Age Inappropriate,Remove,Retained,
486,The truth about stories,,"King, Thomas",Direct,Kingston Frontenac Public Library,2023,Collection,Antisemitic,Denigrates Nationality,Content Warning,Retained,
487,Forest of reading 2024 nominees,,Various,Direct,Waterloo Catholic District School Board,2023,Collection,Homophobic,Pro-Christian,Restrict Access,Restricted Access,
488,The hate u give,,"Thomas, Angie",Direct,Nova Scotia Department of Education,2023,Collection,Inappropriate Language, ,Remove,Removed,
489,Clifford's halloween,,"Bridwell, Norm",Direct,Whitehorse Public Library,2023,Collection,Racist against Indigenous peoples, ,Remove,Removed,
490,12 rules for life,An antidote to chaos,"Peterson, Jordan",Direct,Sacred Heart School of Halifax,2023,Collection,Sexist, ,Remove,Removed,
491,Identical,,"Hopkins, Ellen",Direct,Ottawa Catholic School Board,2023,Collection,Age Inappropriate, ,Remove,Removed,
492,Meet miss fancy,,"Latham, Irene",Direct,Okanagan Regional Library,2023,Collection,Age Inappropriate, ,Remove,Retained,
493,Clifford's halloween,,"Bridwell, Norman",Direct,Okanagan Regional Library,2023,Collection,Racist against Indigenous People, ,Remove,Removed,
494,Front desk,,"Yang, Kelly",Direct,Upper Canada District School Board,2023,Collection,Politically/Ideologically biased,Age Inappropriate,Remove,Retained,
495,My body is growing,"A guide for children, ages 4 to 8","Geisler, Dagmar",Direct,Okanagan Regional Library,2023,Collection,Explicit Content,Illegal Behaviour/Content,Remove,Retained,
496,Heartstopper,,"Oseman, Alice",Direct,Viking School Learning Commons,2023,Collection,Age Inappropriate,Pro 2SLGBTQIA+, , ,
497,This book is gay,,"Dawson, Juno",Direct,Greater Victoria School District,2023,Collection,Age Inappropriate, ,Remove,Removed,
498,Mein kampf,,"Hitler, Adolf",Direct,Vaughan Public Libraries,2023,Collection,Antisemitic,Politically/Ideologically biased,Remove,Retained,
500,How to be champion,My autobiography,"Millican, Sarah",Direct,Edmonton Public Library,2022,Collection,Explicit Content, ,Content Warning,Retained,
501,Liberté,,"Serra, Albert",Direct,Edmonton Public Library,2022,Collection,Explicit Content, ,Content Warning,Retained,
502,Just me and my little brother,,"Mayer, Mercer",Direct,Edmonton Public Library,2022,Collection,Cultural Appropriation,Violence,Remove,Retained,
503,Desire lines,Stories of love and geography,"Soderstrom, Mary",Direct,Edmonton Public Library,2022,Collection,Explicit Content, ,Remove,Retained,
504,A new hope and the family gathering,,"Carr, Robyn",Direct,Edmonton Public Library,2022,Collection,Explicit Content, ,Remove,Retained,
505,Ladybug girl,,"Soman, David",Direct,Edmonton Public Library,2022,Collection,Cultural Appropriation,Racist against Indigenous peoples,Review,Replaced,
506,"Animal, vegetable, junk",,"Bittman, Mark",Direct,Edmonton Public Library,2022,Collection,Quality of Content, ,Review,Retained,
510,Minnie and moo,Will you be my valentine?,"Cazet, Denys",Direct,Greater Victoria Public Library,2022,Collection,Racist against Indigenous peoples, ,Remove,Retained,
511,The big book of girl stuff,,"King, Bart",Direct,Greater Victoria Public Library,2022,Collection,Age Inappropriate,Objectionable Content,Remove or Relocate,Retained,
512,The flood,,"Wharfe McIntyre, Victoria",Direct,Greater Victoria Public Library,2022,Collection,Explicit Content, ,Content Warning,Retained,
513,Let’s talk about it,"The teen’s guide to sex, relationships, and being a human","Moen, Erika; Nolan, Matthew",Direct,Greater Victoria Public Library,2022,Collection,Explicit Content,Age Inappropriate,Restrict Access,Retained,
514,The real anthony fauci,"Bill gates, big pharma, and the global war on democracy and public health",Kennedy Jr. Robert F.,Direct,Greater Victoria Public Library,2022,Collection,Inaccurate/Misleading Content,Politically/Ideologically biased,Remove,Retained,
515,Irreversible damage,The transgender craze seducing our daughters,"Shrier, Abigail",Direct,Vancouver Public Library,2022,Collection,Inaccurate/Misleading Content,Transphobic,Review,Retained,
516,Princess princess ever after,,"O'Neill, Katie",Direct,Vancouver Public Library,2022,Collection,Age Inappropriate,Pro LGBTQIA2S+,Review,Retained,
517,Asha's mums,,"Elwin, Rosamund; Paulse, Michele",Direct,Vancouver Public Library,2022,Collection,Inaccurate/Misleading Content, ,Review,Retained,
518,Asterix the gladiator,,"Goscinny, Rene; Uderzo, Albert",Direct,Vancouver Public Library,2022,Collection,Racist against Black people, ,Review,Retained,
519,Asterix the gladiator,,"Goscinny, Rene; Uderzo, Albert",Direct,Vancouver Public Library,2022,Collection,Racist against Black people, ,Review,Retained,
520,Queer heroes,Meet 53 lgbtq heroes from past and present!,"Sicardi, Arabelle",Direct,Vancouver Public Library,2022,Collection,Age Inappropriate,Pro LGBTQIA2S+,Review,Retained,
521,Who are you? the kid's guide to gender identity,,"Pessin-Whedbee, Brook",Direct,Vancouver Public Library,2022,Collection,Age Inappropriate,Pro LGBTQIA2S+,Review,Retained,
523,If you're a drag queen and you know it,,Lil Miss Hot Mess,Direct,Vancouver Public Library,2022,Collection,Age Inappropriate,Pro LGBTQIA2S+,Review,Retained,
534,Romanian practical dictionary,"Romanian-english, english-romanian","Miroiu, Mihai",Direct,Richmond Hill Public Library,2022,Collection,Objectionable Content, ,Remove,Retained,
535,The puzzle of the happy hooligan,,"Palmer, Stuart",Direct,Ottawa Public Library,2022,Collection,Racist against Black people, ,Remove,Retained,
536,What is black lives matter,,"Wilson, Lakita",Direct,Ottawa Public Library,2022,Collection,Racist against Asian people, ,Remove,Retained,
537,Hitler’s table talk,,"Bormann, Martin",Direct,Ottawa Public Library,2022,Collection,Racist,Politically/Ideologically biased,Remove,Other,
538,The berenstain bears and too much junk food,,"Berenstain, Jan; Berenstain, Stan",Direct,Richmond Hill Public Library,2022,Collection,Denigrates Physical Appearance, ,Remove,Retained,
539,The sublime ms. stacks,,Robb Pearlman,Direct,Red Deer Public Library,2022,Collection,Pro LGBTQIA2S+,Politically/Ideologically biased,Relocate,Retained,
540,Boule à zéro,,Ernst + Zidrou,Direct,Ottawa Public Library,2022,Collection,Racist against Black people,Racist against Asian people,Remove,Retained,
541,The greater good,,Leslie Manookian Kendall Nelson and Chris Pilaro,Direct,Ottawa Public Library,2022,Collection,Inaccurate/Misleading Content, ,Review,Removed,
542,Tintin au congo,,Hergé,Direct,Ottawa Public Library,2022,Collection,Racist against Black people, ,Remove,Retained,
543,Tintin au congo,,Hergé,Direct,Ottawa Public Library,2022,Collection,Racist against Indigenous peoples,Racist against Black people,Remove,Retained,
544,Tintin en amérique,,Hergé,Direct,Ottawa Public Library,2022,Collection,Racist against Indigenous peoples,Cultural Appropriation,Remove,Retained,
545,Course poursuite au studio de cinema,,"Eparvier, Hervé",Direct,Ottawa Public Library,2022,Collection,Racist against Indigenous peoples,Cultural Appropriation,Remove,Retained,
546,Petit poilu les sauveurs d'outoupousse,,"Bailly, Pierre",Direct,Ottawa Public Library,2022,Collection,Racist against Indigenous peoples,Cultural Appropriation,Remove,Retained,
547,Fancy nancy and the dazzling book report,,"O’Connor, Jane",Direct,Ottawa Public Library,2022,Collection,Racist against Indigenous peoples,Inaccurate/Misleading Content,Remove,Retained,
548,Francine poulet meets the ghost raccoon,,"DiCamillo, Kate",Direct,Ottawa Public Library,2022,Collection,Ableist, ,Remove,Retained,
549,If i ran the zoo,,Dr. Seuss,Direct,Ottawa Public Library,2022,Collection,Racist against Asian people, ,Remove,Retained,
550,Sword and scimitar,,"Ibrahim, Raymond",Direct,Ottawa Public Library,2022,Collection,Islamophobic, ,Remove,Retained,
551,My moms love me,,"Membrino, Anna",Direct,Ottawa Public Library,2022,Collection,Pro LGBTQIA2S+,Age Inappropriate,Restrict Access,Retained,
552,I͡a -- izranennai͡a zemli͡a,,"Dolgareva, Anna; Prilepin, Zakhar",Direct,Ottawa Public Library,2022,Collection,Denigrates Nationality,Politically/Ideologically biased,Remove,Retained,
553,Kak rusʹ stala sverkh-derzhavoĭ,,"Shli͡akhtorov, A. G.",Direct,Ottawa Public Library,2022,Collection,Denigrates Nationality,Politically/Ideologically biased,Remove,Retained,
591,Drag queen videos,,Drag performers,Direct,Red Deer Public Library,2022,Collection,Pro LGBTQIA2S+, ,Remove,Retained,
593,It's perfectly normal,,"Harris, Robie H.",Direct,South Central Regional Library,2022,Collection,Objectionable Content,Explicit Content,Remove,Relocated,
594,Sex is a funny word,,"Silverberg, Cory",Direct,South Central Regional Library,2022,Collection,Objectionable Content,Explicit Content,Remove,Retained,
595,What makes a baby,,"Silverberg, Cory",Direct,South Central Regional Library,2022,Collection,Objectionable Content,Explicit Content,Remove,Retained,
596,Amazing women of the middle east,25 stories from ancient times to present day,"Tarnowska, Wafa'; Esteves, Margarida; Hadadi, Hoda; Haghgoo, Sahar; Halal, Christelle; Meza, Esteli",Direct,Toronto Public Library,2022,Collection,Antisemitic,Inaccurate/Misleading Content,Remove,Relocated,
597,Apt pupil,,"King, Stephen",Direct,Toronto Public Library,2022,Collection,Antisemitic, ,Remove,Retained,
598,Asterix at the olympic games,,"Goscinny, Rene; Uderzo, Albert",Direct,Toronto Public Library,2022,Collection,Racist against Black people, ,Remove,Retained,
599,"Born in jerusalem, born palestinian",A memoir,"Nammar, Jacob J.",Direct,Toronto Public Library,2022,Collection,Antisemitic, ,Remove,Retained,
600,Le chien qui sauva montréal,,"Latulippe, Martine",Direct,Toronto Public Library,2022,Collection,Racist against Indigenous peoples, ,Remove,Relocated,
601,Songs from the soul,Stories from around the world,"Bassett, Jennifer",Direct,Toronto Public Library,2022,Collection,Racist, ,Remove,Retained,
602,Songs from the soul,Stories from around the world,"Bassett, Jennifer",Direct,Toronto Public Library,2022,Collection,Racist, ,Remove,Retained,
603,Tasting the sky,A palestinian childhood,"Barakat, Ibtisam",Direct,Toronto Public Library,2022,Collection,Antisemitic,Inaccurate/Misleading Content,Relocate,Retained,
604,The shepherd’s granddaughter,,"Carter, Anne Laurel",Direct,Toronto Public Library,2022,Collection,Antisemitic,Age Inappropriate,Review,Retained,
605,Wanted,Un crime insoutenable,"Dupin, Olivier; Duchesne, Séverine",Direct,Toronto Public Library,2022,Collection,Racist against Indigenous peoples, ,Remove,Removed,
610,小女孩安全意识培养 / 周海秋 著.,,"Zhou, Haiqiu",Direct,Richmond Hill Public Library,2022,Collection,Objectionable Content, ,Remove,Retained,
611,Razryv shablona ,Taĭnai͡a kniga smyslov sovremennoĭ politiki,"Solovyov, Vladimir",Direct,Richmond Hill Public Library,2022,Collection,Politically/Ideologically biased,Inaccurate/Misleading Content,Remove,Retained,
625,Little town on the prairie,,"Wilder, Laura Ingalls",Direct,Guelph Public Library,2022,Collection,Racist against Black people, ,Review,Retained,
626,My first book of feminism,,"Merberg, Julie",Direct,Hamilton Public Library,2022,Collection,Age Inappropriate,Politically/Ideologically biased,Remove,Retained,
627,Tainna,,"Dunning, Norma",Direct,Hamilton Public Library,2022,Collection,Inappropriate Language, ,Remove,Retained,
628,Chained,,"Lynch, Jennifer",Direct,Hamilton Public Library,2022,Collection,Violence,Inappropriate Language,Remove,Retained,
629,The bedroom experiment,,"Ryan, Kendall; Clarke, Jason",Direct,Hamilton Public Library,2022,Collection,Sexist,Explicit Content,Remove,Retained,
630,Worth killing for,,"Haseldine, Jane",Direct,Lethbridge Public Library,2022,Collection,Racist against Indigenous peoples, ,Remove,Retained,
632,Charlie and the great glass elevator,,"Dahl, Roald",Direct,Clarence-Rockland Public Library,2022,Collection,Racist, ,Review,Retained,
633,There is no difference,An argument for the abolition of the indian reserve system and special race-based laws and entitlements for canada's indians,"Best, Peter",Direct,Calgary Public Library,2022,Collection,Racist against Indigenous peoples, ,Remove,Retained,
634,There is no difference,An argument for the abolition of the indian reserve system and special race-based laws and entitlements for canada's indians,"Best, Peter",Direct,Calgary Public Library,2022,Collection,Racist against Indigenous peoples, ,Remove,Retained,
635,Our skin,A first conversation about race,"Madison, Megan",Direct,Calgary Public Library,2022,Collection,Age Inappropriate,Racist,Remove,Relocated,
636,This book is gay,,"Dawson, Juno",Direct,Calgary Public Library,2022,Collection,Transphobic, ,Remove,Retained,
638,It's perfectly normal,,"Harris, Robie H.",Direct,Halton Hills Public Library,2022,Collection,Age Inappropriate,Explicit Content,Remove,Retained,
639,They call me a lioness,,"Tamini, Ahed; Takruri, Dena",Direct,Port Moody Public Library,2022,Collection,Politically/Ideologically biased, ,Remove,Retained,
640,Gender queer,,"Kobabe, Maia",Direct,Prince George Public Library,2022,Collection,Explicit Content,Pro LGBTQIA2S+,Remove,Retained,
641,The case of alan turing,,"Liberge, Eric; Delalande, Arnaud",Direct,Regina Public Library,2022,Collection,Age Inappropriate,Explicit Content,Remove,Retained,
643,My body is growing,A guide for children ages 4-8,"Geisler, Dagmar",Direct,Surrey Libraries,2022,Collection,Age Inappropriate,Explicit Content,Remove,Other,
644,Babysitter,,"Oates, Joyce Carol",Direct,Surrey Libraries,2022,Collection,Objectionable Content, ,Review,Retained,
645,C is for country,,Lil Nas X,Direct,Wellington County Library,2022,Collection,Author,Explicit Content,Remove,Retained,
648,The boy's book of adventure,,"Lecreux, Michele; Gallais, Celia; Roux de Luze, Clemence",Direct,Oshawa Public Libraries,2022,Collection,Racist against Indigenous peoples, ,Remove,Removed,
649,My nana and me,,"Smalls, Irene",Direct,Oshawa Public Libraries,2022,Collection,Racist against Indigenous peoples, ,Remove,Removed,
651,Fred gets dressed,,"Brown, Peter",Direct,Vancouver Island Regional Library,2022,Collection,Age Inappropriate,Pro LGBTQIA2S+,Remove,Retained,
652,Let's talk about it,"The teen's guide to sex, relationships, and being a human","Moen, Erika; Nolan, Matthew",Direct,Vancouver Island Regional Library,2022,Collection,Age Inappropriate,Explicit Content,Remove,Retained,
653,Passages of time,Stories and poems,"Serrano, Jorge Luis",Direct,Waterloo Public Library,2022,Collection,Author,Objectionable Content,Remove,Retained,
654,Anthology,"Stories, poems and articles for children","Serrano, Jorge Luis",Direct,Waterloo Public Library,2022,Collection,Author,Objectionable Content,Remove,Retained,
655,Youth diagrams for social dancing i and ii,(big band era),"Serrano, Jorge Luis",Direct,Waterloo Public Library,2022,Collection,Author,Objectionable Content,Remove,Retained,
656,Heartstopper vol. 1,,"Oseman, Alice",Direct,Springwater Township Public Library,2022,Collection,Age Inappropriate,Pro LGBTQIA2S+,Remove,Other,
657,The simply happy cookbook,,"Doocy, Steve; Doocy, Kathy",Direct,Richmond Public Library,2022,Collection,Politically/Ideologically biased, ,Review,Retained,
658,It's perfectly normal,,"Harris, Robie H.",Direct,Richmond Public Library,2022,Collection,Explicit Content, ,Remove,Retained,
659,Sex is a funny word,,"Silverberg, Cory",Direct,Richmond Public Library,2022,Collection,Explicit Content, ,Remove,Retained,
660,Tabitha and magoo dress up too,,"Tea, Michelle",Direct,Richmond Public Library,2022,Collection,Pro LGBTQIA2S+, ,Review,Retained,
661,The truth about covid-19,,"Mercola, Joseph; Cummins, Ronnie",Direct,Richmond Public Library,2022,Collection,Inaccurate/Misleading Content, ,Remove,Removed,
664,My body is growing,A guide for children ages 4-8,"Geisler, Dagmar",Direct,Edmonton Public Library,2022,Collection,Age Inappropriate,Explicit Content,Remove,Retained,
665,The big bath house,,"Maclear, Kyo",Direct,Edmonton Public Library,2022,Collection,Age Inappropriate,Explicit Content,Relocate,Retained,
666,The big autism cover-up,,"Dachel, Anne",Direct,Edmonton Public Library,2022,Collection,Inaccurate/Misleading Content, ,Remove,Removed,
667,Annie and simon,,"O'Neill, Catharine",Direct,Edmonton Public Library,2022,Collection,Inaccurate/Misleading Content, ,Remove,Retained,
668,Bone tomahawk,,"Zahler, S. Craig",Direct,Edmonton Public Library,2022,Collection,Racist against Indigenous peoples, ,Remove,Retained,
669,What's the big secret? talking about sex with girls and boys,,"Brown, Laurie Krasny",Direct,Edmonton Public Library,2022,Collection,Age Inappropriate,Explicit Content,Relocate,Retained,
670,Lombriz y conejo,,"Veiga, Ramon D.",Direct,Vaughan Public Libraries,2022,Collection,Objectionable Content,Quality of Content,Remove,Retained,
671,Secret pizza party,,"Rubin, Adam",Direct,Okanagan Regional Library,2022,Collection,Objectionable Content, ,Remove,Retained,
672,It's perfectly normal,"Changing bodies, growing up, sex and sexual health","Harris, Robie H.",Direct,Okanagan Regional Library,2022,Collection,Explicit Content, ,Remove,Retained,
673,Mein kampf,,"Hitler, Adolf",Direct,Greater Victoria School District,2022,Collection,Objectionable Content,Age Inappropriate,Restrict Access,Access Restricted,
674,About yesterday,,"Shoigu, Sergei Kuzhugetovich",Direct,Vaughan Public Libraries,2022,Collection,Politically/Ideologically biased,Author,Remove,Retained,
675,Angel,,"Whedon, Joss; Greenwait, David",Direct,Edmonton Public Library,2021,Collection,Violence, ,Review,Retained,
676,Archie vs. predator,,"De Campi, Alex",Direct,Edmonton Public Library,2021,Collection,Age Inappropriate, ,Remove,Relocated,
677,Lines of fire,,"Peters, Ralph",Direct,Edmonton Public Library,2021,Collection,Objectionable Content, ,Review,Retained,
678,Tom swift and his motor-cycle,,"Appleton, Victor",Direct,Hamilton Public Library,2021,Collection,Racist against Black people, ,Restrict Access,Retained,
679,Irreversible damage,The transgender craze seducing our daughters,"Shrier, Abigail",Direct,Hamilton Public Library,2021,Collection,Transphobic, ,Remove,Retained,
680,Irreversible damage,The transgender craze seducing our daughters,"Shrier, Abigail",Direct,Hamilton Public Library,2021,Collection,Transphobic, ,Remove,Retained,
681,Irreversible damage,The transgender craze seducing our daughters,"Shrier, Abigail",Direct,Hamilton Public Library,2021,Collection,Transphobic, ,Remove,Retained,
682,Irreversible damage,The transgender craze seducing our daughters,"Shrier, Abigail",Direct,Hamilton Public Library,2021,Collection,Transphobic, ,Remove,Retained,
683,Irreversible damage,The transgender craze seducing our daughters,"Shrier, Abigail",Direct,Hamilton Public Library,2021,Collection,Transphobic,Violence,Remove,Retained,
684,Stars of the town,"Binbrook, ontario, may 23, 1947",University of Western Ontario,Direct,Hamilton Public Library,2021,Collection,Racist against Black people, ,Remove or Restrict Access,Retained,
685,Halloween surprise,,"Demas, Corrine",Direct,Edmonton Public Library,2021,Collection,Denigrates Ethnicity, ,Review,Retained,
686,"Al-ṭibbal-ṭibb, bookal-khalāyā al-jidhʻīyah, al-jīnāt wa-al-ashʻah al-khāriqah",,"Rooney, Anne",Direct,Edmonton Public Library,2021,Collection,Age Inappropriate, ,Review,Relocated,
687,Taqsim ala watr munfaridtaqsim ala watr munfarid ḥīna nará wa-nuqra wa-naktub,,"Labbas, Jūzif Ṭāniyūs",Direct,Edmonton Public Library,2021,Collection,Age Inappropriate, ,Review,Relocated,
688,"Al-taʻlīm min al-mahdal-taʻlīm min al-mahd, bookal-istifādah min waqt laʻib al-ṭifl fī al-taʻlīm ghayr al-mubāshir",,"Ṣiddīq, Fatḥīyah Maḥmūd",Direct,Edmonton Public Library,2021,Collection,Age Inappropriate, ,Review,Relocated,
689,Chloe tells you how to sew,,"Owens, Chloe",Direct,Vancouver Public Library,2021,Collection,Cultural Appropriation, ,Review,Retained,
690,Creature camp make your own,"18 softies to draw, sew and stuff","Gratz, Wendi",Direct,Vancouver Public Library,2021,Collection,Cultural Appropriation, ,Review,Retained,
691,Truck,,"Haldane, Elizabeth",Direct,Vancouver Public Library,2021,Collection,Objectionable Content, ,Review,Retained,
692,Jewish scheming (translated from mandarin),,"Wen, Yafan",Direct,Vancouver Public Library,2021,Collection,Antisemitic, ,Review,Retained,
693,Trans,When ideology meets reality,"Joyce, Helen",Direct,Vancouver Public Library,2021,Collection,Transphobic, ,Remove,Retained,
694,People's daily,, ,Direct,Vancouver Public Library,2021,Collection,Politically/Ideologically biased, ,Review,Removed,
695,Tintin series,,Hergé,Direct,Milton Public Library,2021,Collection,Racist against Asian people, ,Review,Retained,
697,Emily's runaway imagination,,"Cleary, Beverly",Direct,Greater Victoria Public Library,2021,Collection,Racist against Asian people, ,Remove,Retained,
698,Ghost hunter's handbook,Supernatural explorations for kids,"Gardner Walsh, Liza",Direct,Greater Victoria Public Library,2021,Collection,Age Inappropriate,Objectionable Content,Relocate,Retained,
699,And to think i saw it on mulberry street,,Dr. Seuss,Direct,Barrie Public Library,2021,Collection,Objectionable Content, ,Remove,Retained,
700,The big shot,,"Seiler, Lewis",Direct,Toronto Public Library,2021,Collection,Racist against Black people, ,Remove,Retained,
701,Le chien qui sauva montréal,,"Latulippe, Martine",Direct,Toronto Public Library,2021,Collection,Racist against Indigenous peoples, ,Remove,Relocated,
702,And to think i saw it on mulberry street,,Dr. Seuss,Direct,Toronto Public Library,2021,Collection,Denigrates Ethnicity, ,Review,Relocated,
703,The cat's quizzer,,Dr. Seuss,Direct,Toronto Public Library,2021,Collection,Denigrates Ethnicity, ,Review,Relocated,
704,If i ran the zoo,,Dr. Seuss,Direct,Toronto Public Library,2021,Collection,Denigrates Ethnicity, ,Review,Relocated,
705,Mcelligot's pool,,Dr. Seuss,Direct,Toronto Public Library,2021,Collection,Denigrates Ethnicity, ,Review,Relocated,
706,On beyond zebra!,,Dr. Seuss,Direct,Toronto Public Library,2021,Collection,Denigrates Ethnicity, ,Review,Relocated,
707,Scrambled eggs super!,,Dr. Seuss,Direct,Toronto Public Library,2021,Collection,Denigrates Ethnicity, ,Review,Relocated,
708,"The adventures of ook and gluk, kung-fu cavemen from the future",,"Pilkey, Dav",Direct,Toronto Public Library,2021,Collection,Racist against Asian people, ,Review,Relocated,
711,If i ran the zoo,,Dr. Seuss,Direct,Barrie Public Library,2021,Collection,Objectionable Content, ,Remove,Retained,
712,Mcelligot's pool,,Dr. Seuss,Direct,Barrie Public Library,2021,Collection,Objectionable Content, ,Remove,Retained,
713,On beyond zebra!,,Dr. Seuss,Direct,Barrie Public Library,2021,Collection,Objectionable Content, ,Remove,Retained,
714,Scrambled eggs super!,,Dr. Seuss,Direct,Barrie Public Library,2021,Collection,Objectionable Content, ,Remove,Retained,
715,The cat's quizzer,,Dr. Seuss,Direct,Barrie Public Library,2021,Collection,Objectionable Content, ,Remove,Retained,
717,Unreal city,,"Bryant, D.J.",Direct,Richmond Hill Public Library,2021,Collection,Explicit Content, ,Remove,Retained,
718,Ghost in the shell,,"Shirow, Masamune",Direct,Ottawa Public Library,2021,Collection,Inaccurate/Misleading Content, ,Restrict Access,Retained,
719,Irreversible damage,The transgender craze seducing our daughters,"Shrier, Abigail",Direct,Ottawa Public Library,2021,Collection,Transphobic, ,Remove,Retained,
720,Irreversible damage,The transgender craze seducing our daughters,"Shrier, Abigail",Direct,Ottawa Public Library,2021,Collection,Transphobic, ,Remove,Retained,
721,Irreversible damage,The transgender craze seducing our daughters,"Shrier, Abigail",Direct,Ottawa Public Library,2021,Collection,Transphobic, ,Remove,Retained,
722,Irreversible damage,The transgender craze seducing our daughters,"Shrier, Abigail",Direct,Ottawa Public Library,2021,Collection,Transphobic, ,Remove,Retained,
723,Petit poilu,,"Bailly, Pierre",Direct,Ottawa Public Library,2021,Collection,Racist against Indigenous peoples, ,Remove,Retained,
724,Petit poilu,,"Bailly, Pierre",Direct,Ottawa Public Library,2021,Collection,Racist against Indigenous peoples, ,Remove,Retained,
725,Simon est tête en l’air,,"de Mullenheim, Sophie",Direct,Ottawa Public Library,2021,Collection,Racist against Indigenous peoples,Cultural Appropriation,Remove,Removed,
726,Les filles peuvent le faire aussi!,,"Gourion, Sophie",Direct,Ottawa Public Library,2021,Collection,Racist against Indigenous peoples,Cultural Appropriation,Remove,Removed,
727,Chat peau d’cow-boy,,"Dunand-Pallaz, Stéphanie",Direct,Ottawa Public Library,2021,Collection,Racist against Indigenous peoples, ,Remove,Removed,
728,Le livre des c’est pas moi!,,"Eparvier, Hervé",Direct,Ottawa Public Library,2021,Collection,Racist against Indigenous peoples,Cultural Appropriation,Remove,Removed,
729,Sous le soleil exactement,,"Multon, Anne-Fleur",Direct,Ottawa Public Library,2021,Collection,Inappropriate Language,Age Inappropriate,Relocate,Relocated,
730,This song is (not) for you,,"Nowlin, Laura",Direct,Ottawa Public Library,2021,Collection,Denigrates Other Sexual Orientation, ,Content Warning,Retained,
731,Croc copain,,"Phan, Lucie",Direct,Ottawa Public Library,2021,Collection,Age Inappropriate, ,Remove,Retained,
732,The fox went out on a chilly night,,"Spier, Peter",Direct,Ottawa Public Library,2021,Collection,Age Inappropriate, ,Relocate,Retained,
733,That darn cat,,"Walsh, Bill",Direct,Ottawa Public Library,2021,Collection,Violence, ,Relocate,Retained,
734,Le petit livre des première fois,,"Daniel, Stéphane",Direct,Ottawa Public Library,2021,Collection,Cultural Appropriation,Racist against Indigenous peoples,Remove,Removed,
735,Let's talk about it,"The teen's guide to sex, relationships, and being a human","Moen, Erika; Nolan, Matthew",Direct,Ottawa Public Library,2021,Collection,Age Inappropriate,Explicit Content,Relocate,Relocated,
742,Gender queer,,"Kobabe, Maia",Direct,Kawartha Lakes Public Library,2021,Collection,Pro LGBTQIA2S+,Illegal Behaviour/Content,Remove,Retained,
743,Maiden,,"Edwards, Tracy; Madge, Tim",Direct,Peterborough Public Library,2021,Collection,Racist against Black people,Inappropriate Language,Remove,Removed,
750,Irreversible damage,The transgender craze seducing our daughters,"Shrier, Abigail",Direct,Thompson-Nicola Regional Library,2021,Collection,Transphobic, ,Remove,Retained,
751,Satan in sackcloth,,"Bedwell, Bill",Direct,Cape Breton University,2021,Collection,Denigrates Religious Group or Religious/ Spiritual Beliefs, ,Review,Retained,
753,Irreversible damage,The transgender craze seducing our daughters,"Shrier, Abigail",Direct,Calgary Public Library,2021,Collection,Transphobic,Other,Review,Retained,
754,Irreversible damage,The transgender craze seducing our daughters,"Shrier, Abigail",Direct,Calgary Public Library,2021,Collection,Transphobic, ,Review,Retained,
755,Irreversible damage,The transgender craze seducing our daughters,"Shrier, Abigail",Direct,Calgary Public Library,2021,Collection,Transphobic, ,Review,Retained,
756,Irreversible damage,The transgender craze seducing our daughters,"Shrier, Abigail",Direct,Calgary Public Library,2021,Collection,Transphobic,Inappropriate Language,Review,Retained,
757,Sex is a funny word,,"Silverberg, Cory",Direct,Coquitlam Public Library,2021,Collection,Explicit Content,Pro LGBTQIA2S+,Remove,Retained,
758,Irreversible damage,The transgender craze seducing our daughters,"Shrier, Abigail",Direct,Coquitlam Public Library,2021,Collection,Inaccurate/Misleading Content,Transphobic,Remove,Other,
760,Irreversible damage,The transgender craze seducing our daughters,"Shrier, Abigail",Direct,Coquitlam Public Library,2021,Collection,Inaccurate/Misleading Content,Transphobic,Remove,Other,
761,Encyclopedia brown solves it all,,"Sobol, Donald J.",Direct,Coquitlam Public Library,2021,Collection,Racist against Indigenous peoples, ,Remove,Retained,
762,Irreversible damage,The transgender craze seducing our daughters,"Shrier, Abigail",Direct,Grand Forks & District Public Library,2021,Collection,Inaccurate/Misleading Content,Transphobic,Remove,Retained,
763,Promising young woman,,"Fennell, Emerald",Direct,Grand Forks & District Public Library,2021,Collection,Violence,Quality of Content,Remove,Retained,
764,The name i call myself,,"Namir, Hasan",Direct,Grand Forks & District Public Library,2021,Collection,Pro LGBTQIA2S+, ,Remove,Retained,
765,Woke baby,,"Browne, Mahogany L.",Direct,Grand Forks & District Public Library,2021,Collection,Pro LGBTQIA2S+, ,Remove,Retained,
767,Irreversible damage,The transgender craze seducing our daughters,"Shrier, Abigail",Direct,Lethbridge Public Library,2021,Collection,Inaccurate/Misleading Content, ,Remove,Retained,
768,It isn’t rude to be nude,,"Haine, Rosie",Direct,Kitchener Public Library,2021,Collection,Age Inappropriate,Explicit Content,Remove,Retained,
769,Showdown with iran,,"Hitchcock, Mark",Direct,Kitchener Public Library,2021,Collection,Politically/Ideologically biased,Denigrates Nationality,Remove,Retained,
770,Irreversible damage,The transgender craze seducing our daughters,"Shrier, Abigail",Direct,Kitchener Public Library,2021,Collection,Inaccurate/Misleading Content,Transphobic,Remove,Retained,
771,Irreversible damage,The transgender craze seducing our daughters,"Shrier, Abigail",Direct,Markham Public Library,2021,Collection,Transphobic, ,Remove,Retained,
773,You can heal your life,,"Hay, Louise L.",Direct,Halifax Public Library,2021,Collection,Inaccurate/Misleading Content, ,Remove,Retained,
774,All books about scientology,,Various,Direct,Halifax Public Library,2021,Collection,Inaccurate/Misleading Content, ,Remove,Retained,
776,Finn,,"Clinch, John",Direct,North Vancouver City Library,2021,Collection,Racist,Violence,Remove,Retained,
777,Irreversible damage,The transgender craze seducing our daughters,"Shrier, Abigail",Direct,Regina Public Library,2021,Collection,Transphobic, ,Remove,Retained,
778,Irreversible damage,The transgender craze seducing our daughters,"Shrier, Abigail",Direct,Regina Public Library,2021,Collection,Inaccurate/Misleading Content,Transphobic,Remove,Retained,
779,How to draw manga,Basics and beyond!,"Katagiri, Ryo; Sengoku, Hiroyuki; Onishi, Yukio",Direct,Rossland Public Library Association,2021,Collection,Age Inappropriate,Explicit Content,Relocate,Relocated,
780,Mog's amazing birthday capar,,"Kerr, Judith",Direct,Stratford Public Library,2021,Collection,Racist against Indigenous peoples, ,Review,Removed,
781,Happy home outside,Everyday magic for outdoor life,"Hedeman Gueniau, Charlotte",Direct,Stratford Public Library,2021,Collection,Cultural Appropriation, ,Review,Removed,
783,Irreversible damage,The transgender craze seducing our daughters,"Shrier, Abigail",Direct,Vancouver Public Library,2021,Collection,Objectionable Content, ,Remove,Retained,
784,Irreversible damage,The transgender craze seducing our daughters,"Shrier, Abigail",Direct,Lethbridge Public Library,2021,Collection,Inaccurate/Misleading Content, ,Removal,Retained,
785,The most dangerous game,,"Weiner, Zach",Direct,Vancouver Island Regional Library,2021,Collection,Age Inappropriate,Sexist,Remove,Retained,
787,Drawing beautiful women,The frank cho method,"Cho, Frank",Direct,Vancouver Island Regional Library,2021,Collection,Explicit Content, ,Review,Retained,
788,Bedtime for frances,,"Hoban, Russell",Direct,Waterloo Public Library,2021,Collection,Objectionable Content, ,Remove,Retained,
789,Rolling stone,, ,Direct,London Public LIbrary,2021,Collection,Violence, ,Review,Retained,
790,Naked,,"Leigh, Mike",Direct,London Public Library,2021,Collection,Violence,Explicit Content, ,Retained,
791,Spin,, ,Direct,London Public Library,2021,Collection,Age Inappropriate, ,Review,Retained,
792,Swept away,,"Wertmuller, Lina",Direct,London Public Library,2021,Collection,Explicit Content,Inappropriate Language,Review,Retained,
793,Earth the book,A visitor's guide to the human race,"Stewart, John",Direct,London Public Library,2021,Collection,Objectionable Content, ,Review,Retained,
794,Sophie crumb,Evolution of a crazy artist,"Crumb, Sophie",Direct,Strathcona County Library,2021,Collection,Explicit Content,Violence,Review,Retained,
795,Go the fuck to sleep,,"Mansbach, Adam",Direct,Strathcona County Library,2021,Collection,Inappropriate Language, ,Review,Relocated,
796,His dark materials,,"Pullman, Phillip",Direct,Strathcona County Library,2021,Collection,Denigrates Religious Group or Religious/ Spiritual Beliefs, ,Review,Retained,
797,Irreversible damage,The transgender craze seducing our daughters,"Shrier, Abigail",Direct,Richmond Public Library,2021,Collection,Transphobic, ,Review,Retained,
798,The invention of sound,,"Palahniuk, Chuck",Direct,Grand Forks & District Public Library,2021,Collection,Explicit Content, ,Remove,Retained,
